DOCUMENT_NBR,CRASH_YR,NLF_ROUTE_TYPE_CD,ODOT_LATITUDE_NBR,ODOT_LONGITUDE_NBR,SEVERITY_BY_TYPE_CD,ODPS_TOTAL_FATALITIES_NBR,INCAPAC_INJURIES_NBR,NON_INCAPAC_INJURIES_NBR,POSSIBLE_INJURIES_NBR,NO_INJURY_REPORTED_NBR,UNRESTRAIN_OCCUPANTS,NUMBER_OF_UNITS_NBR,CRASH_TYPE_CD,FHWA_RDWY_DEPARTURE_IND,ODOT_INTERSECTION_REL_IND,ODOT_CRASH_LOCATION_CD,FACILITY_TYPE_CD,FUNCTIONAL_CLASS_CD,ODOT_DIV_UNDIV_IND,ODOT_LANES_NBR,FREEWAY_IND,INTERSTATE_IND,ODOT_MAINTAINED_HWY_IND,MAINTENANCE_AUTHORITY_CD,ODOT_CITY_VILLAGE_TWP_NME,CRASH_DT,MONTH_OF_CRASH,TIME_OF_CRASH,DAY_IN_WEEK_CD,WEATHER_COND_CD,ROAD_COND_PRIMARY_CD,ROAD_COND_SECONDARY_CD,LIGHT_COND_PRIMARY_CD,ROAD_CONTOUR_CD,ODPS_ALCOHOL_IND,ODPS_DRUG_IND,ODPS_SCHOOL_ZONE_IND,ODPS_MOTORCYCLE_IND,ODPS_SPEED_IND,ODPS_SENIOR_DRIVER_IND,ODPS_WORK_ZONE_IND,ODPS_LOC_IN_WORK_ZONE_CD,ODPS_TYPE_OF_WORK_ZONE_CD,ODOT_YOUNG_DRIVER_IND,DISTRACTED_DRIVER_IND,ODPS_CITY_VILLAGE_TWP_NME,ODPS_LOC_ROAD_NME,U1_AGE_NBR,U1_GENDER_CD,U1_ALCOH_DRUG_SUSPCTD_CD,U1_DISTRACTED_BY_1_CD,U1_DISTRACTED_BY_2_CD,U2_ODPS_UNIT_NBR,U2_DIRECTION_FROM_CD,U2_DIRECTION_TO_CD,U2_TURN_CD,U2_TRAFFIC_CONTROL_CD,U2_TYPE_OF_UNIT_CD,U2_SPECIAL_FUNCTION_CD,U2_UNIT_SPEED_NBR,U2_POSTED_SPEED_NBR,U2_PRECRASH_ACTION_CD,U2_CONT_CIR_PRIMARY_CD,U2_CONT_CIR_SECONDARY_CD,U2_SEQ_OF_EVENTS_1_CD,U2_SEQ_OF_EVENTS_2_CD,U2_SEQ_OF_EVENTS_3_CD,U2_SEQ_OF_EVENTS_4_CD,U2_SEQ_OF_EVENTS_5_CD,U2_SEQ_OF_EVENTS_6_CD,U2_NON_MOTORIST_LOC_CD,U2_AGE_NBR,U2_GENDER_CD,U2_ALCOH_DRUG_SUSPCTD_CD,U2_DISTRACTED_BY_1_CD,U2_DISTRACTED_BY_2_CD
20166119553,2016,CR,39.944567,-83.147413,1,0,0,0,0,2,0,2,Left Turn,N,Y,3,,5,N,2,N,N,N,4,COLUMBUS,9/9/2016,9,1640,6,1,1,0,1,1,0,0,0,0,0,0,0,0,0,N,N,COLUMBUS,SULLIVANT,,U,1,1,1,2,3,4,NT,2,2,1,5,35,1,1,,20,,,,,,,49,F,1,1,1
20166119554,2016,CR,39.941617,-83.142526,1,0,0,0,0,2,0,2,Rear End,N,Y,3,,4,N,4,N,N,N,4,COLUMBUS,9/9/2016,9,1847,6,1,1,0,1,1,0,0,0,0,0,0,0,0,0,N,N,COLUMBUS,NORTON,34,F,1,1,1,2,2,1,NT,1,3,1,10,35,11,1,,20,,,,,,,44,M,1,1,1
20166119555,2016,CR,40.034209,-82.931046,1,0,0,0,0,2,0,2,Left Turn,N,Y,1,,5,N,2,N,N,N,4,COLUMBUS,9/9/2016,9,1450,6,1,1,0,1,1,0,0,0,0,0,0,0,0,0,N,N,COLUMBUS,MCCUTCHEON,33,F,1,1,1,2,3,4,NT,12,6,1,5,35,1,1,,20,,,,,,,37,F,1,1,1
20166119556,2016,SR,40.086447,-82.960286,1,0,0,0,0,2,0,2,Angle,N,Y,2,2,3,Y,4,N,N,N,4,COLUMBUS,9/9/2016,9,1710,6,1,1,0,1,1,0,0,0,0,0,0,0,0,0,N,N,COLUMBUS,DUBLIN GRANVILLE,44,M,1,1,1,2,1,2,NT,1,2,1,15,,1,1,,20,,,,,,,32,F,1,1,1
20166062151,2016,MR,39.945654,-83.019035,1,0,0,0,0,2,1,2,Sideswipe - passing,N,Y,3,,7,N,2,N,N,N,4,COLUMBUS,5/15/2016,5,1734,1,2,1,0,1,1,0,0,0,0,0,0,0,0,0,N,N,COLUMBUS,RENICK,54,M,1,1,1,2,4,3,NT,1,7,1,,25,10,1,,20,,,,,,,,,,,
20166062158,2016,CR,39.986856,-82.999555,1,0,0,0,0,2,0,2,Angle,N,Y,2,,4,N,4,N,N,N,4,COLUMBUS,5/15/2016,5,2002,1,1,1,0,3,1,0,0,0,0,0,0,0,0,0,Y,N,COLUMBUS,5TH,28,F,1,1,1,2,2,1,NT,4,3,1,15,25,1,1,,20,,,,,,,19,F,1,1,1
20166062161,2016,CR,39.999224,-82.930138,4,0,1,1,0,3,0,3,Rear End,N,Y,1,,5,N,4,N,N,N,4,COLUMBUS,5/4/2016,5,1520,4,2,1,0,1,1,1,1,0,0,1,0,0,0,0,N,N,COLUMBUS,CASSADY,38,F,5,1,1,2,2,1,NT,4,3,1,,35,11,1,,20,20,,,,,,45,F,1,1,1
20166062167,2016,CR,39.960702,-82.982997,1,0,0,0,0,5,0,2,Angle,N,Y,2,,5,N,4,N,N,N,4,COLUMBUS,5/15/2016,5,1537,1,2,1,0,1,1,0,0,0,0,0,1,0,0,0,N,N,COLUMBUS,TOWN,35,F,1,1,1,2,3,4,NT,12,7,1,35,35,1,1,,20,,,,,,,65,M,1,1,1
20166062168,2016,MR,39.976936,-83.005185,1,0,0,0,0,2,1,2,Parked Vehicle,Y,N,1,,7,N,4,N,N,N,4,COLUMBUS,5/15/2016,5,1424,1,1,1,0,1,1,0,0,0,0,0,0,0,0,0,N,N,COLUMBUS,PARK,,U,1,1,1,2,1,2,NT,1,3,1,,,10,1,,20,,,,,,,,,,,
20166062177,2016,MR,39.952171,-83.058921,1,0,0,0,0,1,0,2,Sideswipe - passing,N,N,1,,7,N,2,N,N,N,4,COLUMBUS,5/11/2016,5,220,4,1,2,0,4,1,0,0,0,0,0,0,0,0,0,N,N,COLUMBUS,CLARENDON,,U,1,1,1,2,1,2,NT,1,6,1,,25,10,1,,20,,,,,,,,,,,
20166119561,2016,IR,40.061332,-82.997859,1,0,0,0,0,1,0,1,Fixed Object,Y,Y,1,2,1,Y,6,Y,Y,Y,1,COLUMBUS,9/9/2016,9,2100,6,1,1,0,4,2,0,0,0,0,0,0,0,0,0,Y,Y,COLUMBUS,MORSE,21,F,1,2,1,,,,,,,,,,,,,,,,,,,,,,,,
20166123087,2016,MR,39.947679,-82.900899,1,0,0,0,0,1,0,2,Parked Vehicle,Y,N,1,,7,N,4,N,N,N,4,COLUMBUS,9/15/2016,9,32,5,1,1,0,4,1,1,0,0,0,1,0,0,0,0,N,N,COLUMBUS,RAND,31,M,2,1,1,2,1,2,NT,1,4,1,,25,10,1,,20,,,,,,,,,,,
20166123088,2016,MR,39.948365,-82.899416,2,0,0,0,1,1,0,2,Pedestrian,Y,N,1,,7,N,2,N,N,N,4,COLUMBUS,9/11/2016,9,2140,1,1,1,0,4,2,0,0,0,0,0,0,0,0,0,N,N,COLUMBUS,OLNEY,39,F,1,1,1,2,1,4,RT,1,26,1,,,20,22,,20,,,,,,12,25,F,1,1,1
20166123184,2016,IR,40.075513,-82.90779,1,0,0,0,0,1,0,1,Fixed Object,Y,N,1,2,1,Y,6,Y,Y,Y,1,COLUMBUS,9/17/2016,9,812,7,2,2,0,1,4,0,0,0,0,1,0,0,0,0,Y,N,COLUMBUS,,21,F,1,1,1,,,,,,,,,,,,,,,,,,,,,,,,
20166123173,2016,MR,39.948587,-82.862753,1,0,0,0,0,1,0,2,Parked Vehicle,Y,N,1,,7,N,2,N,N,N,4,COLUMBUS,9/16/2016,9,1230,6,1,1,0,1,1,0,0,0,0,0,0,0,0,0,N,N,COLUMBUS,BEATRICE,,U,1,1,1,2,3,4,NT,1,3,1,,25,10,1,,20,,,,,,,,,,,
20166123176,2016,IR,40.075513,-82.90779,2,0,0,0,1,0,0,2,Parked Vehicle,Y,N,1,2,1,Y,6,Y,Y,Y,1,COLUMBUS,9/17/2016,9,830,7,2,2,0,1,3,0,0,0,0,0,0,0,0,0,Y,N,COLUMBUS,,23,F,1,1,1,2,2,1,NT,12,7,1,,55,10,1,,20,,,,,,,,,,,
20166123178,2016,CR,40.04811,-82.90911,1,0,0,0,0,2,0,2,Rear End,N,Y,2,,4,Y,4,N,N,N,4,COLUMBUS,9/17/2016,9,700,7,4,2,0,1,1,0,0,0,0,0,0,0,0,0,N,N,COLUMBUS,EASTON,38,F,1,1,1,2,3,4,NT,4,2,1,,35,1,1,,20,,,,,,,38,F,1,1,1
20166123180,2016,US,39.952637,-83.037118,1,0,0,0,0,2,0,2,Backing,N,Y,3,2,4,N,2,N,N,N,4,COLUMBUS,9/15/2016,9,847,5,1,1,0,1,1,0,0,0,0,0,1,0,0,0,N,N,COLUMBUS,CENTRAL,79,M,1,1,1,2,1,2,NT,4,6,1,,35,11,1,,20,,,,,,,27,M,1,1,1
20166123181,2016,CR,39.948411,-83.047387,1,0,0,0,0,2,0,2,Rear End,N,Y,1,,4,N,2,N,N,N,4,COLUMBUS,9/15/2016,9,1122,5,1,1,0,1,1,0,0,0,0,0,1,0,0,0,N,N,COLUMBUS,SULLIVANT,,U,1,1,1,2,4,3,NT,4,4,1,,35,11,1,,20,,,,,,,78,F,1,1,1
20166123182,2016,US,39.945762,-83.035784,1,0,0,0,0,2,0,2,Rear End,N,N,1,2,4,N,2,N,N,N,4,COLUMBUS,9/15/2016,9,735,5,1,1,0,1,1,0,0,0,0,0,0,0,0,0,Y,N,COLUMBUS,MOUND,19,M,1,1,1,2,4,3,NT,1,6,1,,35,11,1,,20,,,,,,,47,F,1,1,1
20166123237,2016,CR,40.064233,-83.128169,1,0,0,0,0,2,0,2,Sideswipe - Meeting,N,Y,2,,4,N,2,N,N,N,4,COLUMBUS,9/15/2016,9,2056,5,1,1,0,5,1,0,0,0,0,0,0,0,0,0,N,N,COLUMBUS,HAYDEN RUN,26,F,1,1,1,2,4,3,NT,4,2,1,,45,11,99,,20,,,,,,,26,F,1,1,1
20166062408,2016,CR,40.118905,-83.090363,2,0,0,0,2,5,0,2,Rear End,N,N,1,,3,N,4,N,N,N,4,COLUMBUS,5/14/2016,5,1341,7,2,1,0,1,1,0,0,0,0,0,0,0,0,0,N,N,COLUMBUS,SAWMILL,28,F,1,1,1,2,1,2,NT,1,6,1,,40,11,1,,20,,,,,,,45,M,1,1,1
20166062412,2016,MR,40.006291,-82.971927,1,0,0,0,0,3,0,2,Sideswipe - passing,N,N,1,,7,N,2,N,N,N,4,COLUMBUS,5/13/2016,5,1228,6,1,1,0,1,1,0,0,0,0,0,0,1,3,1,Y,N,COLUMBUS,CLEVELAND,18,F,1,1,1,2,8,5,NT,10,4,1,25,35,1,1,,20,,,,,,,38,M,1,1,1
20166062421,2016,CR,40.003728,-83.153911,2,0,0,0,1,1,0,2,Angle,N,Y,2,,4,N,2,N,N,N,4,COLUMBUS,5/14/2016,5,1240,7,2,1,0,1,1,0,0,0,0,0,1,0,0,0,N,N,COLUMBUS,ROBERTS,65,M,1,1,1,2,2,4,LT,4,4,1,,,6,1,,20,,,,,,,51,F,1,1,1
20166062580,2016,CR,40.118284,-83.013731,1,0,0,0,0,2,0,2,Angle,N,N,1,2,4,N,4,N,N,N,4,COLUMBUS,5/16/2016,5,723,2,1,1,0,1,1,0,0,0,0,0,0,0,0,0,Y,N,COLUMBUS,CAMPUS VIEW,20,M,1,1,1,2,3,4,NT,12,3,1,25,35,1,1,,20,,,,,,,37,M,1,1,1
20166062586,2016,CR,40.103702,-82.949659,1,0,0,0,0,3,0,3,Rear End,N,N,1,,3,Y,4,N,N,N,4,COLUMBUS,5/16/2016,5,833,2,1,1,0,1,1,0,0,0,0,0,0,0,0,0,Y,N,COLUMBUS,CLEVELAND,17,F,1,1,1,2,2,1,NT,1,4,1,,35,11,1,,20,,,,,,,27,M,1,1,1
20166062814,2016,SR,40.08496,-82.951111,1,0,0,0,0,3,0,3,Rear End,N,N,1,2,3,Y,4,N,N,N,4,COLUMBUS,5/16/2016,5,1651,2,1,1,0,1,1,0,0,0,0,0,0,0,0,0,N,N,COLUMBUS,CLEVELAND,40,F,1,1,1,2,2,1,NT,12,8,1,,35,11,1,,20,,,,,,,42,M,1,1,1
20166123336,2016,CR,39.921189,-83.123987,1,0,0,0,0,2,0,2,Rear End,N,Y,2,,4,Y,4,N,N,N,4,COLUMBUS,9/17/2016,9,125,7,1,1,0,4,1,0,0,0,0,0,0,0,0,0,Y,N,COLUMBUS,GEORGESVILLE,,U,1,1,1,2,3,4,NT,4,3,1,,45,11,1,,20,,,,,,,20,M,1,1,1
20166123337,2016,US,39.909422,-82.995359,2,0,0,0,1,2,0,2,Pedestrian,N,N,1,2,3,N,4,N,N,N,4,COLUMBUS,9/17/2016,9,125,7,2,1,0,4,1,0,0,0,0,0,0,0,0,0,N,N,COLUMBUS,HIGH,55,M,1,1,1,2,1,2,NT,12,7,1,40,45,1,1,,14,,,,,,,49,M,1,1,1
20166123338,2016,CR,39.900611,-83.053126,3,0,0,1,0,0,0,1,Fixed Object,Y,Y,2,,5,N,2,N,N,N,2,JACKSON TOWNSHIP,9/16/2016,9,5,6,2,1,0,4,4,0,0,0,0,1,0,0,0,0,Y,N,COLUMBUS,COLLIER CREST,24,F,1,1,1,,,,,,,,,,,,,,,,,,,,,,,,
20166123481,2016,CR,39.91628,-82.893981,1,0,0,0,0,2,0,2,Left Turn,N,Y,1,,3,N,4,N,N,N,4,COLUMBUS,9/17/2016,9,1056,7,2,1,0,1,1,0,0,0,0,0,1,0,0,0,N,N,COLUMBUS,REFUGEE,65,F,1,1,1,2,4,3,NT,12,6,1,33,35,1,1,,20,,,,,,,50,F,1,1,1
20166123522,2016,CR,40.117622,-83.090427,1,0,0,0,0,4,0,3,Rear End,N,N,1,,3,N,4,N,N,N,4,COLUMBUS,9/17/2016,9,1818,7,4,1,0,3,1,0,0,0,0,0,0,0,0,0,Y,N,COLUMBUS,SAWMILL,43,M,1,1,1,2,1,2,NT,12,3,1,,40,11,1,,20,,,,,,,60,M,1,1,1
20166123807,2016,US,39.914165,-82.99537,2,0,0,0,1,2,0,2,Pedestrian,Y,N,1,2,3,N,4,N,N,N,4,COLUMBUS,9/16/2016,9,1025,6,1,1,0,1,1,0,0,0,0,0,0,0,0,0,N,N,COLUMBUS,HIGH,40,M,1,1,1,2,1,2,NT,1,26,1,,,16,22,,20,,,,,,8,59,M,1,1,1
20166062823,2016,US,39.969148,-82.997512,1,0,0,0,0,2,0,2,Rear End,N,Y,2,1,3,N,4,N,N,N,4,COLUMBUS,5/16/2016,5,1457,2,1,1,8,1,1,0,0,0,0,0,0,1,4,4,N,N,COLUMBUS,4TH,36,M,1,1,1,2,2,1,NT,4,20,22,,35,11,1,,20,,,,,,,54,F,1,1,1
20166063117,2016,SR,40.087897,-82.992753,2,0,0,0,1,3,0,2,Left Turn,N,Y,2,2,4,Y,4,N,N,N,4,COLUMBUS,5/17/2016,5,809,3,2,1,0,1,1,0,0,0,0,0,0,0,0,0,N,N,COLUMBUS,DUBLIN GRANVILLE,30,F,1,1,1,2,4,3,NT,4,8,1,35,45,1,1,,13,,,,,,,37,F,1,1,1
20166063122,2016,CR,40.069146,-82.862735,1,0,0,0,0,2,0,2,Rear End,N,N,1,,3,N,2,N,N,N,4,COLUMBUS,5/16/2016,5,1153,2,1,1,0,1,1,0,0,0,0,0,0,0,0,0,N,N,COLUMBUS,HAMILTON,40,F,1,1,1,2,1,2,NT,12,6,1,,45,11,1,,20,,,,,,,28,F,1,1,1
20166063124,2016,CR,40.069038,-82.907969,1,0,0,0,0,2,0,2,Rear End,N,Y,3,,4,N,2,N,N,N,2,BLENDON TOWNSHIP,5/17/2016,5,740,3,2,1,0,1,1,0,0,0,0,0,0,0,0,0,N,N,COLUMBUS,WATT,35,F,1,1,1,2,4,2,RT,4,2,1,,25,11,1,,20,,,,,,,54,F,1,1,1
20166063126,2016,CR,40.048079,-82.901878,1,0,0,0,0,2,0,2,Rear End,N,N,1,,4,N,4,N,N,N,4,COLUMBUS,5/17/2016,5,810,3,2,1,0,1,1,0,0,0,0,0,0,0,0,0,N,N,COLUMBUS,EASTON,47,M,1,1,1,2,3,4,NT,1,3,1,,35,11,1,,20,,,,,,,32,M,1,1,1
20166123846,2016,CR,39.947053,-83.054603,1,0,0,0,0,2,0,2,Angle,N,Y,2,,4,N,2,N,N,N,4,COLUMBUS,9/11/2016,9,1320,1,1,1,0,1,1,0,0,0,0,0,1,0,0,0,N,N,COLUMBUS,SULLIVANT,66,F,1,1,1,2,2,4,LT,4,3,1,8,35,6,1,,20,,,,,,,69,F,1,1,1
20166123948,2016,SR,39.882633,-82.883406,1,0,0,0,0,2,0,2,Rear End,N,Y,2,2,3,Y,4,N,N,N,4,GROVEPORT,9/6/2016,9,1808,3,1,1,0,1,1,0,0,0,0,0,0,0,0,0,N,Y,GROVEPORT,,51,M,1,7,1,1,2,1,NT,4,2,1,,50,11,1,,20,,,,,,,43,F,1,1,1
20166123949,2016,SR,39.871859,-82.885899,2,0,0,0,1,50,0,2,HeadOn,N,Y,2,2,3,Y,4,N,N,N,4,GROVEPORT,9/9/2016,9,921,6,2,1,0,1,2,0,0,0,1,0,0,0,0,0,N,Y,GROVEPORT,HAMILTON,46,F,1,6,1,2,3,4,NT,4,9,1,25,50,1,1,,20,,,,,,,53,M,1,1,1
20166124053,2016,MR,39.939251,-83.075099,1,0,0,0,0,7,1,3,HeadOn,N,N,1,,7,N,2,N,N,N,4,COLUMBUS,8/4/2016,8,1342,5,1,1,0,1,1,0,0,0,1,0,0,0,0,0,N,N,COLUMBUS,WILTSHIRE,42,M,1,1,1,2,2,1,NT,1,6,1,10,25,1,1,,20,,,,,,,32,F,1,1,1
20166124088,2016,CR,39.944423,-82.868095,1,0,0,0,0,2,0,2,Pedestrian,N,N,1,,5,N,2,N,N,N,4,COLUMBUS,9/19/2016,9,830,2,2,1,0,1,1,0,0,0,0,0,0,0,0,0,N,N,COLUMBUS,COUNTRY CLUB,27,F,1,1,1,2,4,5,LT,12,22,5,5,25,1,1,,14,,,,,,,29,F,1,1,1
20166124171,2016,SR,39.930049,-82.879197,1,0,0,0,0,2,0,2,Rear End,N,N,1,2,3,Y,4,N,N,N,4,COLUMBUS,9/15/2016,9,1915,5,1,1,0,1,1,0,0,0,0,1,0,0,0,0,N,N,COLUMBUS,HAMILTON,,U,1,1,1,2,2,1,NT,1,6,1,35,35,11,1,,20,,,,,,,60,F,1,1,1
20166063134,2016,US,39.954776,-83.07758,1,0,0,0,0,1,0,2,Parked Vehicle,Y,N,1,2,3,N,4,N,N,N,4,COLUMBUS,5/17/2016,5,1011,3,2,1,0,1,1,0,0,0,0,0,0,0,0,0,N,N,COLUMBUS,BROAD,63,M,1,1,1,2,1,2,NT,1,4,1,,15,10,1,,20,,,,,,,,,,,
20166063135,2016,US,39.989541,-83.066932,1,0,0,0,0,2,0,2,Rear End,N,Y,2,2,3,N,4,N,N,N,4,MARBLE CLIFF,5/12/2016,5,2222,5,4,2,0,4,1,0,0,0,0,0,0,0,0,0,Y,N,GRANDVIEW HEIGHTS,DUBLIN,17,M,1,1,1,2,1,2,NT,4,3,1,5,45,1,1,,20,,,,,,,36,M,1,1,1
20166063137,2016,SR,40.031196,-83.028811,1,0,0,0,0,3,0,2,Right Turn,N,Y,2,2,2,Y,6,Y,N,N,4,COLUMBUS,4/26/2016,4,1330,3,1,1,0,1,1,0,0,0,0,0,1,0,0,0,Y,N,COLUMBUS,,80,F,1,1,1,2,2,1,NT,4,3,1,15,35,1,1,,20,,,,,,,17,M,1,1,1
20166063138,2016,SR,40.0516,-83.032748,1,0,0,0,0,2,0,2,Sideswipe - passing,N,N,1,2,2,Y,6,Y,N,N,4,COLUMBUS,4/24/2016,4,1315,1,1,1,0,1,1,0,0,0,0,0,0,0,0,0,N,N,COLUMBUS,,38,M,1,1,1,2,2,1,NT,12,2,1,65,65,1,1,,20,,,,,,,33,M,1,1,1
20166063163,2016,,40.057706,-82.974378,1,0,0,0,0,3,0,2,Backing,N,N,1,2,,N,2,N,N,N,80,COLUMBUS,5/17/2016,5,948,3,2,1,0,1,1,0,0,0,0,0,0,0,0,0,N,N,COLUMBUS,NORTHLAND PARK,27,F,1,1,1,2,4,3,NT,1,3,1,,25,10,1,,20,,,,,,,,,,,
20166063168,2016,CR,40.061431,-82.952864,1,0,0,0,0,4,0,2,Sideswipe - passing,N,N,1,,3,N,4,N,N,N,4,COLUMBUS,5/13/2016,5,1517,6,1,1,0,1,1,0,0,0,0,0,0,0,0,0,Y,N,COLUMBUS,CLEVELAND,42,M,1,1,1,2,1,2,NT,12,4,1,25,,1,1,,20,,,,,,,19,F,1,1,1
20166124174,2016,US,39.954607,-82.849277,1,0,0,0,0,2,0,2,Rear End,N,N,1,2,3,Y,4,N,N,N,4,COLUMBUS,9/14/2016,9,1740,4,1,1,0,1,1,0,0,0,0,0,1,0,0,0,N,N,COLUMBUS,MAIN,85,M,1,1,1,2,4,3,NT,1,6,1,5,50,11,1,,20,,,,,,,52,F,1,1,1
20166124178,2016,SR,39.939227,-82.878338,1,0,0,0,0,2,0,2,Right Turn,N,Y,3,2,3,Y,4,N,N,N,4,COLUMBUS,9/17/2016,9,1820,7,2,1,0,1,2,0,0,0,0,0,0,0,0,0,Y,N,COLUMBUS,HAMILTON,19,M,1,1,1,2,2,1,NT,4,3,1,35,35,1,1,,20,,,,,,,19,F,1,1,1
20166124309,2016,SR,40.08496,-82.951111,1,0,0,0,0,2,0,2,Backing,N,Y,1,2,3,Y,4,N,N,N,4,COLUMBUS,9/19/2016,9,2325,2,1,1,0,4,1,0,0,0,0,0,0,0,0,0,Y,N,COLUMBUS,CLEVELAND,53,M,1,1,1,2,2,1,NT,4,2,1,,35,11,1,,20,,,,,,,20,M,1,1,1
20166124304,2016,IR,40.091283,-82.907919,3,0,0,1,0,1,0,1,Fixed Object,Y,N,1,2,1,Y,8,Y,Y,Y,1,BLENDON TOWNSHIP,9/18/2016,9,1709,1,4,2,0,1,1,0,0,0,0,1,0,0,0,0,N,N,COLUMBUS,,38,M,1,1,1,,,,,,,,,,,,,,,,,,,,,,,,
20166124305,2016,MR,40.078555,-82.989131,1,0,0,0,0,1,0,2,Parked Vehicle,Y,N,1,,7,N,2,N,N,N,4,COLUMBUS,9/19/2016,9,2145,2,1,1,0,5,1,1,0,0,0,0,0,0,0,0,N,N,COLUMBUS,ROCHE,31,M,2,1,1,2,1,2,NT,1,3,1,,25,10,1,,20,,,,,,,,,,,
20166124374,2016,CR,39.947053,-83.054603,3,0,0,2,0,0,1,1,Fixed Object,Y,Y,2,,4,N,2,N,N,N,4,COLUMBUS,9/17/2016,9,233,7,1,1,0,4,1,0,0,0,0,1,0,0,0,0,Y,Y,COLUMBUS,SULLIVANT,21,M,1,7,1,,,,,,,,,,,,,,,,,,,,,,,,
20166063172,2016,CR,39.9464,-82.906309,1,0,0,0,0,2,0,2,Sideswipe - passing,N,N,1,,4,N,4,N,N,N,4,COLUMBUS,5/16/2016,5,1246,2,1,1,0,1,1,1,1,0,0,0,0,0,0,0,N,N,COLUMBUS,LIVINGSTON,48,M,5,1,1,2,4,3,NT,12,7,1,30,35,1,1,,20,,,,,,,46,M,1,1,1
20166063206,2016,SR,40.08496,-82.951111,1,0,0,0,0,2,0,2,Sideswipe - passing,N,Y,1,2,3,Y,4,N,N,N,4,COLUMBUS,5/16/2016,5,1309,2,1,1,0,1,1,1,0,0,0,0,1,0,0,0,N,N,COLUMBUS,CLEVELAND,,M,2,1,1,2,1,3,LT,4,4,1,5,45,11,1,,20,43,,,,,,91,F,1,1,1
20166063208,2016,CR,40.135735,-82.991821,3,0,0,1,0,1,0,2,Left Turn,N,Y,2,,4,N,4,N,N,N,4,COLUMBUS,5/16/2016,5,1132,2,1,1,0,1,1,0,0,0,0,0,0,0,0,0,N,N,COLUMBUS,SANCUS,34,M,1,1,1,2,1,2,NT,4,8,1,40,45,1,1,,20,,,,,,,45,M,1,1,1
20166063222,2016,CR,39.938371,-83.143501,1,0,0,0,0,1,0,1,Fixed Object,Y,Y,3,,4,N,4,N,N,N,4,COLUMBUS,5/16/2016,5,1526,2,1,1,0,1,1,0,0,0,0,0,0,0,0,0,Y,N,COLUMBUS,NORTON,20,F,1,1,1,,,,,,,,,,,,,,,,,,,,,,,,
20166063224,2016,MR,39.934719,-83.095472,1,0,0,0,0,2,0,2,Rear End,N,N,1,,7,N,2,N,N,N,4,COLUMBUS,5/16/2016,5,1500,2,1,1,0,1,1,0,0,0,0,1,0,0,0,0,Y,N,COLUMBUS,BRIGGS,26,F,1,1,1,2,4,3,NT,1,3,1,,25,11,1,,20,,,,,,,18,F,1,1,1
20166063225,2016,CR,39.931341,-83.09019,1,0,0,0,0,5,0,4,Rear End,N,N,1,,4,N,4,N,N,N,2,FRANKLIN TOWNSHIP,5/16/2016,5,1555,2,1,1,0,1,1,0,0,1,0,1,0,0,0,0,Y,N,COLUMBUS,DEMOREST,22,M,1,1,1,2,1,2,NT,6,3,1,,20,11,1,,20,20,,,,,,37,F,1,1,1
20166063226,2016,US,39.959659,-83.021476,4,0,4,0,0,1,0,3,Sideswipe - passing,N,N,1,2,3,N,4,N,N,N,4,COLUMBUS,5/16/2016,5,1657,2,1,1,0,1,1,0,0,0,0,0,0,0,0,0,Y,N,COLUMBUS,BROAD,51,F,1,1,1,2,3,4,NT,12,3,1,30,35,1,1,,20,,,,,,,19,F,1,1,1
20166063228,2016,US,39.92738,-83.056165,1,0,0,0,0,8,0,2,Angle,N,Y,2,2,3,N,2,N,N,N,4,COLUMBUS,4/22/2016,4,1619,6,1,1,0,1,1,0,0,0,0,0,0,0,0,0,Y,Y,COLUMBUS,BRIGGS,17,M,1,5,1,2,4,3,NT,4,6,1,,,1,1,,20,,,,,,,26,M,1,1,1
20166063229,2016,SR,39.997939,-83.026242,1,0,0,0,0,6,0,2,Rear End,N,N,1,2,2,Y,6,Y,N,N,4,COLUMBUS,3/17/2016,3,1602,5,1,1,0,1,3,0,0,0,0,0,0,0,0,0,N,N,COLUMBUS,,61,M,1,1,1,2,1,2,NT,12,6,1,15,55,11,1,,20,,,,,,,49,F,1,1,1
20166063244,2016,MR,39.948654,-83.058689,1,0,0,0,0,1,0,2,Sideswipe - passing,N,N,1,,7,N,2,N,N,N,4,COLUMBUS,3/14/2016,3,110,2,3,2,0,4,1,1,0,0,0,0,0,0,0,0,N,N,COLUMBUS,CLARENDON,34,M,2,1,1,2,1,2,NT,15,6,1,,,10,1,,20,,,,,,,,,,,