DOCUMENT_NBR,CRASH_YR,NLF_ROUTE_TYPE_CD,ODOT_LATITUDE_NBR,ODOT_LONGITUDE_NBR,SEVERITY_BY_TYPE_CD,ODPS_TOTAL_FATALITIES_NBR,INCAPAC_INJURIES_NBR,NON_INCAPAC_INJURIES_NBR,POSSIBLE_INJURIES_NBR,NO_INJURY_REPORTED_NBR,UNRESTRAIN_OCCUPANTS,NUMBER_OF_UNITS_NBR,CRASH_TYPE_CD,FHWA_RDWY_DEPARTURE_IND,ODOT_INTERSECTION_REL_IND,ODOT_CRASH_LOCATION_CD,FACILITY_TYPE_CD,FUNCTIONAL_CLASS_CD,ODOT_DIV_UNDIV_IND,ODOT_LANES_NBR,FREEWAY_IND,INTERSTATE_IND,ODOT_MAINTAINED_HWY_IND,MAINTENANCE_AUTHORITY_CD,ODOT_CITY_VILLAGE_TWP_NME,CRASH_DT,MONTH_OF_CRASH,TIME_OF_CRASH,DAY_IN_WEEK_CD,WEATHER_COND_CD,ROAD_COND_PRIMARY_CD,ROAD_COND_SECONDARY_CD,LIGHT_COND_PRIMARY_CD,ROAD_CONTOUR_CD,ODPS_ALCOHOL_IND,ODPS_DRUG_IND,ODPS_SCHOOL_ZONE_IND,ODPS_MOTORCYCLE_IND,ODPS_SPEED_IND,ODPS_SENIOR_DRIVER_IND,ODPS_WORK_ZONE_IND,ODPS_LOC_IN_WORK_ZONE_CD,ODPS_TYPE_OF_WORK_ZONE_CD,ODOT_YOUNG_DRIVER_IND,DISTRACTED_DRIVER_IND,ODPS_CITY_VILLAGE_TWP_NME,ODPS_LOC_ROAD_NME,U1_AGE_NBR,U1_GENDER_CD,U1_ALCOH_DRUG_SUSPCTD_CD,U1_DISTRACTED_BY_1_CD,U1_DISTRACTED_BY_2_CD,U2_ODPS_UNIT_NBR,U2_DIRECTION_FROM_CD,U2_DIRECTION_TO_CD,U2_TURN_CD,U2_TRAFFIC_CONTROL_CD,U2_TYPE_OF_UNIT_CD,U2_SPECIAL_FUNCTION_CD,U2_UNIT_SPEED_NBR,U2_POSTED_SPEED_NBR,U2_PRECRASH_ACTION_CD,U2_CONT_CIR_PRIMARY_CD,U2_CONT_CIR_SECONDARY_CD,U2_SEQ_OF_EVENTS_1_CD,U2_SEQ_OF_EVENTS_2_CD,U2_SEQ_OF_EVENTS_3_CD,U2_SEQ_OF_EVENTS_4_CD,U2_SEQ_OF_EVENTS_5_CD,U2_SEQ_OF_EVENTS_6_CD,U2_NON_MOTORIST_LOC_CD,U2_AGE_NBR,U2_GENDER_CD,U2_ALCOH_DRUG_SUSPCTD_CD,U2_DISTRACTED_BY_1_CD,U2_DISTRACTED_BY_2_CD
20166063245,2016,,39.934395,-83.148608,1,0,0,0,0,1,0,2,Parked Vehicle,N,N,1,2,,N,2,N,N,N,80,COLUMBUS,3/19/2016,3,2013,7,1,1,0,4,1,0,0,0,0,0,0,0,0,0,N,Y,COLUMBUS,IDELLA,37,M,1,7,1,2,3,4,NT,1,7,1,,,10,1,,20,52,,,,,,,,,,
20166063248,2016,,39.932615,-83.129754,4,0,1,0,0,1,0,2,Pedestrian,N,N,1,2,,N,2,N,N,N,80,COLUMBUS,3/22/2016,3,1928,3,1,1,0,3,1,0,0,0,0,1,0,0,0,0,N,N,COLUMBUS,CYPRESS RIDGE,,M,1,1,1,2,5,8,NT,1,26,1,,15,16,22,,20,,,,,,11,75,M,1,1,1
20166063251,2016,MR,39.946023,-83.058366,3,0,0,2,0,2,0,2,Angle,N,Y,1,,7,N,2,N,N,N,4,COLUMBUS,3/27/2016,3,2209,1,1,1,0,4,1,0,0,0,0,1,0,0,0,0,Y,N,COLUMBUS,CLARENDON,18,F,1,1,1,2,2,1,NT,12,3,1,25,25,1,1,,20,,,,,,,27,M,1,1,1
20166063256,2016,CR,39.920467,-82.826175,1,0,0,0,0,3,0,3,Rear End,N,N,1,,3,N,2,N,N,N,4,COLUMBUS,5/16/2016,5,1646,2,1,1,0,1,1,0,0,0,0,0,0,0,0,0,N,N,COLUMBUS,GENDER,27,M,1,1,1,2,1,2,NT,12,6,1,,45,11,1,,20,,,,,,,35,M,1,1,1
20166063261,2016,MR,39.943453,-83.053224,1,0,0,0,0,2,0,2,Angle,N,Y,1,,7,N,2,N,N,N,4,COLUMBUS,4/4/2016,4,1831,2,1,1,0,1,1,0,0,0,0,0,0,0,0,0,Y,N,COLUMBUS,SAFFORD,24,M,1,1,1,2,1,2,NT,12,3,1,20,25,1,1,,20,,,,,,,60,M,1,1,1
20166063262,2016,IR,40.00322,-82.863636,2,0,0,0,1,1,0,2,Sideswipe - passing,N,N,1,2,1,Y,8,Y,Y,Y,1,GAHANNA,4/27/2016,4,1615,4,2,1,0,1,1,0,0,0,0,0,0,0,0,0,N,N,GAHANNA,IR 270 NB,53,F,1,1,1,1,7,6,NT,1,2,1,55,65,1,1,,20,,,,,,,35,F,1,1,1
20166063263,2016,US,39.948873,-82.953661,1,0,0,0,0,4,0,2,Left Turn,N,Y,1,2,3,N,4,N,N,N,4,COLUMBUS,4/30/2016,4,1625,7,4,1,0,1,1,0,0,0,0,0,0,0,0,0,Y,N,COLUMBUS,LIVINGSTON,19,M,1,1,1,2,3,4,NT,4,3,1,25,35,1,1,,20,,,,,,,42,M,1,1,1
20166063285,2016,SR,40.087085,-82.975312,2,0,0,0,1,1,0,2,Rear End,N,Y,2,2,3,Y,4,N,N,N,4,COLUMBUS,5/17/2016,5,1709,3,2,1,0,1,1,0,0,0,0,0,0,0,0,0,N,N,COLUMBUS,DUBLIN GRANVILLE,32,M,1,1,1,2,4,3,NT,4,6,1,,45,11,1,,20,,,,,,,32,F,1,1,1
20166063286,2016,CR,40.024568,-82.964581,3,0,0,1,0,2,0,2,Angle,N,Y,2,,3,N,4,N,N,N,4,COLUMBUS,5/9/2016,5,1428,2,2,1,0,1,1,0,0,0,0,0,0,0,0,0,N,N,COLUMBUS,CLEVELAND,,U,1,1,1,2,2,1,NT,12,6,1,30,35,1,1,,20,,,,,,,45,F,1,1,1
20166063303,2016,IR,39.985995,-82.98518,3,0,0,1,0,0,0,1,Fixed Object,Y,N,1,2,1,Y,8,Y,Y,N,1,COLUMBUS,2/8/2016,2,47,2,4,2,0,4,1,1,1,0,0,1,0,0,0,0,N,N,COLUMBUS,,28,M,5,1,1,,,,,,,,,,,,,,,,,,,,,,,,
20166063346,2016,CR,39.981198,-83.150547,1,0,0,0,0,2,0,2,Sideswipe - passing,N,Y,1,,4,N,2,N,N,N,4,COLUMBUS,5/17/2016,5,1625,3,2,1,0,1,1,0,0,0,0,0,0,0,0,0,N,N,COLUMBUS,RENNER,29,F,1,1,1,2,3,4,NT,12,13,1,25,35,1,1,,20,,,,,,,55,M,1,1,1
20166063357,2016,US,40.005689,-83.00078,1,0,0,0,0,1,0,2,Parked Vehicle,Y,N,1,1,3,N,3,N,N,N,4,COLUMBUS,4/9/2016,4,0,7,9,99,0,9,1,0,0,0,0,0,0,0,0,0,N,N,COLUMBUS,LANE,,U,1,1,1,2,4,3,NT,1,6,1,,25,10,1,,20,,,,,,,,,,,
20166063358,2016,CR,40.068321,-82.976763,3,0,0,3,0,0,0,2,Left Turn,N,Y,2,,4,N,4,N,N,N,4,COLUMBUS,5/17/2016,5,1700,3,2,1,0,1,1,0,0,0,0,0,0,0,0,0,Y,N,COLUMBUS,KARL,38,F,1,1,1,2,2,1,NT,4,3,1,35,35,1,1,,20,,,,,,,23,M,1,1,1
20166063562,2016,,39.87387,-82.80884,1,0,0,0,0,1,0,2,Parked Vehicle,N,N,1,2,,N,1,N,N,N,80,COLUMBUS,5/16/2016,5,1147,2,2,1,0,9,3,0,0,0,0,1,0,0,0,0,N,N,COLUMBUS,WINCHESTER CATHEDRAL,,U,1,1,1,2,1,2,NT,1,4,1,,25,10,1,,20,,,,,,,,,,,
20166063638,2016,IR,39.933582,-82.842356,1,0,0,0,0,3,0,2,Sideswipe - passing,N,N,1,2,1,N,7,Y,Y,Y,1,COLUMBUS,5/18/2016,5,749,4,2,2,0,1,1,0,0,0,0,0,0,0,0,0,N,N,COLUMBUS,,41,M,1,1,1,2,3,4,NT,12,3,1,50,,1,1,,20,,,,,,,47,M,1,1,1
20166063696,2016,CR,39.941764,-82.829924,1,0,0,0,0,1,0,2,Sideswipe - passing,N,N,1,,4,N,4,N,N,N,4,REYNOLDSBURG,5/16/2016,5,1340,2,1,1,0,1,1,0,0,0,0,0,0,0,0,0,N,N,COLUMBUS,LIVINGSTON,35,M,1,1,1,2,4,3,NT,1,22,5,,35,10,1,,20,,,,,,,,,,,
20166063699,2016,MR,39.937921,-83.096699,1,0,0,0,0,1,0,1,Fixed Object,Y,N,1,,7,N,2,N,N,N,4,COLUMBUS,5/17/2016,5,1120,3,2,1,0,1,1,0,0,0,0,0,0,0,0,0,N,N,COLUMBUS,WEDGEWOOD,54,F,1,1,1,,,,,,,,,,,,,,,,,,,,,,,,
20166063700,2016,CR,40.037498,-83.03257,4,0,2,0,1,1,0,4,Left Turn,N,Y,2,,4,Y,4,N,N,N,4,COLUMBUS,5/18/2016,5,847,4,1,1,0,1,1,0,0,0,0,0,0,0,0,0,N,N,COLUMBUS,OLENTANGY RIVER,53,F,1,1,1,2,1,2,NT,4,2,1,43,45,1,1,,20,,,,,,,55,F,1,1,1
20166063701,2016,CR,39.940487,-83.124648,2,0,0,0,1,1,0,2,Rear End,N,Y,3,,5,N,2,N,N,N,4,COLUMBUS,5/18/2016,5,932,4,1,1,0,1,1,0,0,0,0,0,0,0,0,0,N,N,COLUMBUS,SULLIVANT,39,M,1,1,1,2,4,3,NT,1,3,1,,35,11,1,,20,,,,,,,58,F,1,1,1
20166063703,2016,CR,39.972738,-83.098691,1,0,0,0,0,2,0,2,Left Turn,N,Y,2,,4,Y,4,N,N,N,4,COLUMBUS,5/18/2016,5,655,4,2,2,0,1,1,0,0,0,0,0,1,0,0,0,Y,N,COLUMBUS,WILSON,24,M,1,1,1,2,2,1,NT,4,7,1,30,35,1,1,,20,,,,,,,69,M,1,1,1
20166063707,2016,CR,39.978822,-83.150531,1,0,0,0,0,2,0,2,Rear End,N,Y,1,,3,Y,4,N,N,N,4,COLUMBUS,5/18/2016,5,1209,4,1,1,0,1,2,0,0,0,0,0,0,0,0,0,Y,N,COLUMBUS,HILLIARD ROME,19,F,1,1,1,2,1,2,NT,4,13,1,,,11,1,,20,,,,,,,33,M,1,1,1
20166063709,2016,MR,39.975374,-82.910717,1,0,0,0,0,1,0,2,Parked Vehicle,Y,Y,3,,7,N,2,N,N,N,4,COLUMBUS,5/15/2016,5,1557,1,2,1,0,1,1,0,0,0,0,0,0,0,0,0,Y,N,COLUMBUS,EVERETT,24,M,1,1,1,2,1,2,NT,1,3,1,,25,10,1,,20,,,,,,,,,,,
20166063713,2016,IR,39.936719,-82.877809,1,0,0,0,0,2,0,2,Rear End,N,N,1,2,1,Y,6,Y,Y,N,1,COLUMBUS,5/18/2016,5,1225,4,1,1,0,1,2,0,0,0,0,0,0,0,0,0,Y,N,COLUMBUS,IR 70,61,F,1,1,1,2,3,4,NT,12,2,1,,65,11,1,,20,,,,,,,18,F,1,1,1
20166063802,2016,CR,40.003723,-83.153723,1,0,0,0,0,2,0,2,Left Turn,N,Y,1,,4,N,2,N,N,N,4,COLUMBUS,5/18/2016,5,1834,4,2,1,2,1,1,0,0,0,0,0,0,0,0,0,Y,N,COLUMBUS,ROBERTS,21,M,1,1,1,2,3,4,NT,12,2,1,35,45,1,1,,20,,,,,,,59,M,1,1,1
20166063805,2016,MR,40.086341,-82.937856,1,0,0,0,0,2,0,2,Left Turn,N,Y,3,,7,N,4,N,N,N,4,COLUMBUS,5/18/2016,5,1530,4,1,1,0,1,1,0,0,0,0,0,0,0,0,0,Y,N,COLUMBUS,PONDEROSA,19,M,1,1,1,2,2,1,NT,12,2,1,,,1,1,,20,,,,,,,41,M,1,1,1
20166063808,2016,CR,40.008353,-82.912295,4,0,1,1,0,1,0,3,HeadOn,N,N,1,,4,Y,4,N,N,N,4,COLUMBUS,5/17/2016,5,2235,3,4,2,0,4,1,0,0,0,0,0,0,0,0,0,Y,N,COLUMBUS,STELZER,38,F,1,1,1,2,2,1,NT,12,6,1,45,45,1,1,,20,,,,,,,29,M,1,1,1
20166063815,2016,CR,40.092444,-82.822975,1,0,0,0,0,4,0,3,Rear End,N,Y,1,,4,N,4,N,N,N,4,COLUMBUS,5/17/2016,5,2100,3,4,2,0,4,1,0,0,0,0,0,0,0,0,0,N,N,COLUMBUS,NEW ALBANY,48,F,1,1,1,2,2,1,NT,12,6,1,,35,11,1,,20,,,,,,,46,M,1,1,1
20166063817,2016,MR,39.937188,-83.077929,1,0,0,0,0,2,0,1,Other Object,N,N,1,,7,N,2,N,N,N,4,COLUMBUS,5/18/2016,5,1740,4,1,10,0,1,1,0,0,0,0,0,0,0,0,0,N,N,COLUMBUS,ROYS,36,M,1,1,1,,,,,,,,,,,,,,,,,,,,,,,,
20166063880,2016,US,39.985691,-82.941451,2,0,0,0,1,1,0,2,Rear End,N,Y,1,2,4,N,3,N,N,N,4,COLUMBUS,5/6/2016,5,1630,6,1,1,0,1,1,0,0,0,0,0,0,0,0,0,N,N,COLUMBUS,5TH,,F,1,1,1,2,4,3,NT,4,7,1,,,11,1,,20,,,,,,,42,F,1,1,1
20166063881,2016,CR,39.989,-83.048799,1,0,0,0,0,1,1,2,Parked Vehicle,Y,N,1,,4,N,2,N,N,N,4,COLUMBUS,5/15/2016,5,403,1,1,1,0,4,1,1,0,0,0,0,0,0,0,0,N,N,COLUMBUS,STAR,,F,2,1,1,2,2,1,NT,12,3,1,,25,10,1,,20,,,,,,,,,,,
20166063898,2016,MR,39.959976,-82.834986,1,0,0,0,0,1,0,1,Fixed Object,Y,N,1,,7,N,2,N,N,N,4,COLUMBUS,5/14/2016,5,400,7,4,2,0,5,4,0,0,0,0,0,0,0,0,0,Y,N,COLUMBUS,CHERRY HILL,24,M,1,1,1,,,,,,,,,,,,,,,,,,,,,,,,
20166063899,2016,CR,39.931129,-83.144684,1,0,0,0,0,2,0,2,Rear End,N,Y,2,,5,N,2,N,N,N,4,COLUMBUS,5/15/2016,5,1650,1,2,1,0,1,1,1,1,0,0,0,0,0,0,0,N,N,COLUMBUS,HALL,,M,5,1,1,2,3,4,NT,4,3,1,,45,11,1,,20,,,,,,,33,M,1,1,1
20166063900,2016,MR,39.949119,-83.06891,1,0,0,0,0,2,0,2,Backing,N,N,1,,7,Y,4,N,N,N,4,COLUMBUS,5/15/2016,5,1800,1,1,1,0,1,1,0,0,0,0,0,0,0,0,0,N,N,COLUMBUS,BURGESS,,M,1,1,1,2,1,2,NT,1,3,1,,25,10,1,,20,,,,,,,,,,,
20166064204,2016,IR,39.932621,-82.830019,1,0,0,0,0,2,0,2,Rear End,N,N,1,2,1,Y,7,Y,Y,N,1,COLUMBUS,5/16/2016,5,800,2,1,1,0,1,1,0,0,0,0,0,0,0,0,0,N,N,COLUMBUS,,38,F,1,1,1,2,3,4,NT,1,7,1,5,65,11,1,,20,,,,,,,46,M,1,1,1
20166064205,2016,IR,39.950464,-83.016057,3,0,0,1,0,0,0,1,Fixed Object,Y,N,1,2,1,Y,6,Y,Y,N,1,COLUMBUS,5/19/2016,5,815,5,1,1,0,1,1,0,0,0,0,0,0,0,0,0,Y,N,COLUMBUS,,23,F,1,1,1,,,,,,,,,,,,,,,,,,,,,,,,
20166064206,2016,IR,39.980076,-82.962974,1,0,0,0,0,2,0,2,Sideswipe - passing,N,N,1,2,1,Y,8,Y,Y,Y,1,COLUMBUS,5/12/2016,5,1215,5,2,1,0,1,4,0,0,0,0,0,0,0,0,0,Y,N,COLUMBUS,,18,F,1,1,1,2,3,4,NT,12,4,1,55,55,1,1,,20,,,,,,,33,M,1,1,1
20166064207,2016,IR,39.952044,-82.945486,2,0,0,0,1,2,0,2,Sideswipe - passing,N,N,8,2,1,Y,7,Y,Y,Y,1,COLUMBUS,5/13/2016,5,1015,6,1,1,0,1,4,0,0,0,0,0,0,0,0,0,Y,N,COLUMBUS,,21,M,1,1,1,2,4,3,NT,12,7,1,55,55,1,1,,20,,,,,,,54,M,1,1,1
20166064208,2016,IR,39.935381,-83.009666,2,0,0,0,1,1,0,2,Sideswipe - passing,N,N,1,2,1,Y,6,Y,Y,Y,1,COLUMBUS,5/13/2016,5,1220,6,1,1,0,1,2,0,0,0,0,0,1,0,0,0,N,N,COLUMBUS,,52,F,1,1,1,2,2,1,NT,12,5,1,65,65,1,1,,20,,,,,,,69,F,1,1,1
20166064210,2016,IR,40.016603,-82.994677,1,0,0,0,0,2,0,2,Rear End,N,N,1,2,1,Y,6,Y,Y,N,1,COLUMBUS,5/15/2016,5,1317,1,1,1,0,1,4,0,0,0,0,0,0,0,0,0,N,N,COLUMBUS,,31,M,1,1,1,2,1,2,NT,12,2,1,,65,11,1,,20,,,,,,,40,F,1,1,1
20166064211,2016,IR,39.96966,-82.983563,2,0,0,0,1,1,0,2,Sideswipe - passing,N,N,1,2,1,Y,6,Y,Y,Y,1,COLUMBUS,5/16/2016,5,719,2,1,1,0,1,2,0,0,0,0,0,0,0,0,0,N,N,COLUMBUS,,,U,1,1,1,2,2,1,NT,12,3,1,45,65,1,15,,20,,,,,,,31,F,1,1,1
20166064213,2016,IR,39.965574,-82.983149,3,0,0,1,0,2,1,2,Sideswipe - passing,N,N,8,2,1,Y,4,Y,Y,N,1,COLUMBUS,5/17/2016,5,953,3,2,1,0,1,2,0,0,0,0,0,0,0,0,0,N,N,COLUMBUS,,36,M,1,1,1,2,1,2,NT,12,2,1,55,55,3,99,,20,,,,,,,34,F,1,1,1
20166064215,2016,IR,39.973138,-83.008186,1,0,0,0,0,2,0,2,Rear End,N,N,1,2,1,Y,6,Y,Y,Y,1,COLUMBUS,5/17/2016,5,1305,3,4,2,0,1,4,0,0,0,0,0,0,0,0,0,Y,N,COLUMBUS,,30,M,1,1,1,2,4,3,NT,12,3,1,55,55,1,1,,20,,,,,,,25,M,1,1,1
20166064216,2016,IR,39.977248,-83.153989,1,0,0,0,0,2,0,2,Rear End,N,N,7,2,1,Y,6,Y,Y,N,1,COLUMBUS,5/11/2016,5,1001,4,2,2,0,1,1,0,0,0,0,0,0,1,4,3,N,N,COLUMBUS,,36,F,1,1,1,2,4,3,NT,15,7,1,,55,11,1,,20,,,,,,,34,M,1,1,1
20166064217,2016,IR,39.950464,-83.016057,1,0,0,0,0,2,0,2,Rear End,N,N,1,2,1,Y,6,Y,Y,N,1,COLUMBUS,5/13/2016,5,926,6,1,1,0,1,2,0,0,0,0,0,0,0,0,0,Y,N,COLUMBUS,,37,M,1,1,1,2,4,3,NT,12,3,1,35,55,11,1,,20,,,,,,,25,M,1,1,1
20166064218,2016,IR,39.94161,-83.010945,2,0,0,0,1,1,0,2,Rear End,N,N,1,2,1,Y,8,Y,Y,N,1,COLUMBUS,5/17/2016,5,1123,3,2,1,0,1,2,0,0,0,0,0,0,0,0,0,Y,N,COLUMBUS,,33,F,1,1,1,2,1,2,NT,12,3,1,30,55,11,1,,20,,,,,,,24,F,1,1,1
20166064390,2016,CR,40.028592,-82.964259,1,0,0,0,0,2,0,2,Left Turn,N,Y,2,,3,N,4,N,N,N,4,COLUMBUS,5/16/2016,5,1255,2,1,10,0,1,1,0,0,0,0,0,0,0,0,0,N,N,COLUMBUS,CLEVELAND,46,M,1,1,1,2,2,1,NT,1,3,1,35,35,1,1,,20,,,,,,,37,F,1,1,1
20166064391,2016,SR,40.020844,-82.964866,1,0,0,0,0,1,0,1,Fixed Object,Y,Y,2,2,4,N,4,N,N,N,4,COLUMBUS,5/17/2016,5,1122,3,2,10,0,1,1,0,0,0,0,0,1,0,0,0,N,N,COLUMBUS,CLEVELAND,73,F,1,1,1,,,,,,,,,,,,,,,,,,,,,,,,
20166064393,2016,CR,40.032031,-82.979436,1,0,0,0,0,2,0,2,Angle,N,Y,3,,4,N,4,N,N,N,4,COLUMBUS,5/18/2016,5,833,4,1,1,0,1,1,0,0,0,0,0,0,0,0,0,N,N,COLUMBUS,OAKLAND PARK,53,M,1,1,1,2,1,3,LT,4,5,1,25,35,6,1,,20,,,,,,,50,F,1,1,1
20166064588,2016,US,39.985691,-82.941451,1,0,0,0,0,2,0,1,Fixed Object,Y,Y,1,2,4,N,3,N,N,N,4,COLUMBUS,5/20/2016,5,48,6,1,1,0,5,1,1,0,0,0,0,0,0,0,0,N,N,COLUMBUS,5TH,,M,2,1,1,,,,,,,,,,,,,,,,,,,,,,,,
20166064589,2016,MR,39.982382,-82.981684,1,0,0,0,0,3,2,3,Sideswipe - passing,N,N,1,,7,N,2,N,N,N,4,COLUMBUS,5/20/2016,5,30,6,1,1,0,5,1,1,0,0,0,0,0,0,0,0,Y,N,COLUMBUS,STARR,23,F,2,1,1,2,4,3,NT,1,3,1,,25,10,1,,20,,,,,,,,,,,
20166064592,2016,US,40.126891,-83.016319,3,0,0,1,0,0,0,1,Fixed Object,Y,N,1,2,3,N,4,N,N,N,4,COLUMBUS,5/18/2016,5,58,4,4,2,0,4,1,1,0,0,0,1,0,0,0,0,N,N,COLUMBUS,HIGH,45,M,2,1,1,,,,,,,,,,,,,,,,,,,,,,,,
20166064723,2016,CR,40.032596,-82.889437,1,0,0,0,0,2,0,2,Right Turn,N,Y,2,,5,N,2,N,N,N,4,GAHANNA,5/2/2016,5,1706,2,2,1,0,1,1,0,0,0,0,1,1,0,0,0,N,N,GAHANNA,STYGLER,40,M,1,1,1,1,4,1,LT,4,7,1,,35,11,1,,20,,,,,,,72,M,1,1,1
20166064752,2016,US,40.017999,-82.896005,3,0,0,1,0,0,0,1,Fixed Object,Y,N,8,2,3,Y,4,N,N,N,4,GAHANNA,5/8/2016,5,500,1,1,1,0,4,3,1,0,0,1,1,0,0,0,0,N,N,GAHANNA,US 62 W EB,30,M,2,1,1,,,,,,,,,,,,,,,,,,,,,,,,
20166064753,2016,,40.006115,-82.855644,1,0,0,0,0,1,0,1,Fixed Object,N,N,1,2,,N,2,N,N,N,80,GAHANNA,5/8/2016,5,731,1,1,1,0,1,3,0,0,0,0,0,0,0,0,0,N,N,GAHANNA,BEAVERBROOK,62,F,1,1,1,,,,,,,,,,,,,,,,,,,,,,,,
20166124540,2016,MR,40.093524,-82.950815,1,0,0,0,0,1,0,2,Sideswipe - passing,N,N,1,,7,N,2,N,N,N,4,COLUMBUS,9/19/2016,9,800,2,3,1,0,1,1,0,0,0,0,0,0,0,0,0,N,N,COLUMBUS,LAURELWOOD,,M,1,1,1,2,4,3,NT,1,3,1,,,10,1,,20,,,,,,,,,,,
20166124543,2016,SR,40.087552,-82.987403,3,0,0,2,0,3,0,2,Left Turn,N,Y,3,2,3,Y,4,N,N,N,4,COLUMBUS,9/18/2016,9,1040,1,1,1,0,1,1,0,0,0,0,0,0,0,0,0,Y,N,COLUMBUS,DUBLIN GRANVILLE,22,F,1,1,1,2,4,3,NT,4,4,1,30,35,1,1,,20,,,,,,,23,F,1,1,1
20166124546,2016,CR,40.136356,-83.005924,1,0,0,0,0,2,0,2,Rear End,N,N,1,,4,N,2,N,N,N,4,COLUMBUS,9/19/2016,9,812,2,1,1,0,1,1,0,0,0,0,0,0,0,0,0,Y,N,COLUMBUS,LAZELLE,20,M,1,1,1,2,4,3,NT,12,3,1,,25,11,1,,20,,,,,,,40,M,1,1,1
20166124673,2016,CR,39.983649,-83.011139,1,0,0,0,0,2,0,3,Sideswipe - passing,N,N,1,,5,N,2,N,N,N,4,COLUMBUS,9/20/2016,9,829,3,1,1,0,1,2,0,0,0,0,0,0,0,0,0,Y,N,COLUMBUS,3RD,24,F,1,1,1,2,1,2,NT,1,6,1,20,25,1,1,,20,,,,,,,30,F,1,1,1
20166124750,2016,IR,40.010178,-82.899594,1,0,0,0,0,3,0,3,Rear End,N,N,1,2,1,Y,6,Y,Y,Y,1,GAHANNA,9/20/2016,9,735,3,1,1,0,1,1,0,0,0,0,0,1,0,0,0,N,N,GAHANNA,IR 270 NB,73,M,1,1,1,2,2,1,NT,1,6,1,,65,11,1,,20,20,,,,,,63,M,1,1,1
20166064754,2016,IR,40.026817,-82.903898,1,0,0,0,0,2,0,2,Sideswipe - passing,N,N,1,2,1,Y,7,Y,Y,Y,1,GAHANNA,5/9/2016,5,1615,2,1,1,0,1,1,0,0,0,0,0,0,0,0,0,N,N,GAHANNA,,36,M,1,1,1,2,1,2,NT,12,3,1,65,65,1,1,,20,,,,,,,42,M,1,1,1
20166064756,2016,MR,40.026056,-82.886538,1,0,0,0,0,2,0,2,Sideswipe - passing,N,N,1,,7,N,2,N,N,N,4,GAHANNA,5/10/2016,5,749,3,2,1,0,1,1,0,0,0,0,0,0,0,0,0,N,N,GAHANNA,CHAPELFIELD,41,F,1,1,1,1,3,4,NT,1,3,1,,20,11,1,,20,,,,,,,36,F,1,1,1
20166064766,2016,CR,40.031294,-82.96404,4,0,1,0,0,2,1,3,HeadOn,N,Y,2,,3,N,4,N,N,N,4,COLUMBUS,5/14/2016,5,1440,7,2,1,0,1,1,0,0,0,0,0,0,0,0,0,N,N,COLUMBUS,CLEVELAND,46,F,1,1,1,2,1,2,NT,4,3,1,,35,11,1,,20,,,,,,,58,M,1,1,1
20166064769,2016,IR,40.034798,-82.903298,3,0,0,1,1,2,0,3,Rear End,N,N,1,2,1,Y,6,Y,Y,Y,1,GAHANNA,5/10/2016,5,1521,3,4,2,0,1,1,0,0,0,0,0,0,0,0,0,Y,N,GAHANNA,IR 270 SB,31,M,1,1,1,2,1,2,NT,1,6,1,20,65,11,1,,20,20,,,,,,53,M,1,1,1
20166064770,2016,SR,40.009442,-82.969986,1,0,0,0,0,1,0,1,Backing,Y,N,1,2,4,N,4,N,N,N,4,COLUMBUS,5/17/2016,5,1500,3,1,1,0,1,1,0,0,0,0,1,0,0,0,0,N,N,COLUMBUS,MAYNARD,39,M,1,1,1,,,,,,,,,,,,,,,,,,,,,,,,
20166124756,2016,SR,40.002738,-83.030164,1,0,0,0,0,4,0,2,Sideswipe - passing,N,N,1,2,2,Y,8,Y,N,N,4,COLUMBUS,9/14/2016,9,1300,4,2,1,0,1,4,0,0,0,0,1,1,0,0,0,Y,N,COLUMBUS,,20,M,1,1,1,2,2,1,NT,12,3,1,55,55,1,1,,20,,,,,,,74,M,1,1,1
20166124757,2016,IR,39.931568,-82.916365,1,0,0,0,0,2,0,2,Rear End,N,N,1,2,1,Y,6,Y,Y,N,1,COLUMBUS,9/14/2016,9,640,4,1,1,0,4,1,0,0,0,0,0,0,0,0,0,Y,N,COLUMBUS,,35,M,1,1,1,2,3,4,NT,1,2,1,15,65,11,1,,20,,,,,,,25,F,1,1,1
20166124758,2016,IR,39.936365,-82.881431,1,0,0,0,0,2,0,2,Rear End,N,N,1,2,1,Y,6,Y,Y,Y,1,COLUMBUS,9/20/2016,9,830,3,1,1,0,1,1,0,0,0,0,0,0,0,0,0,Y,N,COLUMBUS,,31,M,1,1,1,2,3,4,NT,1,2,1,,65,11,1,,20,,,,,,,19,F,1,1,1