DOCUMENT_NBR,CRASH_YR,NLF_ROUTE_TYPE_CD,ODOT_LATITUDE_NBR,ODOT_LONGITUDE_NBR,SEVERITY_BY_TYPE_CD,ODPS_TOTAL_FATALITIES_NBR,INCAPAC_INJURIES_NBR,NON_INCAPAC_INJURIES_NBR,POSSIBLE_INJURIES_NBR,NO_INJURY_REPORTED_NBR,UNRESTRAIN_OCCUPANTS,NUMBER_OF_UNITS_NBR,CRASH_TYPE_CD,FHWA_RDWY_DEPARTURE_IND,ODOT_INTERSECTION_REL_IND,ODOT_CRASH_LOCATION_CD,FACILITY_TYPE_CD,FUNCTIONAL_CLASS_CD,ODOT_DIV_UNDIV_IND,ODOT_LANES_NBR,FREEWAY_IND,INTERSTATE_IND,ODOT_MAINTAINED_HWY_IND,MAINTENANCE_AUTHORITY_CD,ODOT_CITY_VILLAGE_TWP_NME,CRASH_DT,MONTH_OF_CRASH,TIME_OF_CRASH,DAY_IN_WEEK_CD,WEATHER_COND_CD,ROAD_COND_PRIMARY_CD,ROAD_COND_SECONDARY_CD,LIGHT_COND_PRIMARY_CD,ROAD_CONTOUR_CD,ODPS_ALCOHOL_IND,ODPS_DRUG_IND,ODPS_SCHOOL_ZONE_IND,ODPS_MOTORCYCLE_IND,ODPS_SPEED_IND,ODPS_SENIOR_DRIVER_IND,ODPS_WORK_ZONE_IND,ODPS_LOC_IN_WORK_ZONE_CD,ODPS_TYPE_OF_WORK_ZONE_CD,ODOT_YOUNG_DRIVER_IND,DISTRACTED_DRIVER_IND,ODPS_CITY_VILLAGE_TWP_NME,ODPS_LOC_ROAD_NME,U1_AGE_NBR,U1_GENDER_CD,U1_ALCOH_DRUG_SUSPCTD_CD,U1_DISTRACTED_BY_1_CD,U1_DISTRACTED_BY_2_CD,U2_ODPS_UNIT_NBR,U2_DIRECTION_FROM_CD,U2_DIRECTION_TO_CD,U2_TURN_CD,U2_TRAFFIC_CONTROL_CD,U2_TYPE_OF_UNIT_CD,U2_SPECIAL_FUNCTION_CD,U2_UNIT_SPEED_NBR,U2_POSTED_SPEED_NBR,U2_PRECRASH_ACTION_CD,U2_CONT_CIR_PRIMARY_CD,U2_CONT_CIR_SECONDARY_CD,U2_SEQ_OF_EVENTS_1_CD,U2_SEQ_OF_EVENTS_2_CD,U2_SEQ_OF_EVENTS_3_CD,U2_SEQ_OF_EVENTS_4_CD,U2_SEQ_OF_EVENTS_5_CD,U2_SEQ_OF_EVENTS_6_CD,U2_NON_MOTORIST_LOC_CD,U2_AGE_NBR,U2_GENDER_CD,U2_ALCOH_DRUG_SUSPCTD_CD,U2_DISTRACTED_BY_1_CD,U2_DISTRACTED_BY_2_CD
20166068901,2016,CR,39.943036,-82.853687,1,0,0,0,0,3,0,2,Sideswipe - Meeting,N,N,1,,4,N,4,N,N,N,4,COLUMBUS,5/28/2016,5,225,7,1,1,0,5,1,1,0,0,0,0,0,0,0,0,Y,N,COLUMBUS,WOODCREST,,U,2,1,1,2,2,1,NT,12,2,1,,35,1,1,,20,,,,,,,18,F,1,1,1
20166068954,2016,US,40.066661,-83.104793,1,0,0,0,0,4,0,2,Left Turn,N,N,1,2,3,N,2,N,N,Y,1,PERRY TOWNSHIP,5/27/2016,5,1604,6,1,1,0,1,1,0,0,0,0,0,0,0,0,0,Y,N,PERRY TOWNSHIP,,16,F,1,1,1,2,2,1,NT,1,6,1,35,50,1,1,,20,,,,,,,42,M,1,1,1
20166068955,2016,CR,39.936282,-82.858598,3,0,0,1,0,2,0,2,HeadOn,N,Y,2,,4,N,2,N,N,N,4,COLUMBUS,5/29/2016,5,2033,1,1,1,0,3,1,0,0,0,0,0,0,0,0,0,N,N,COLUMBUS,WOODCREST,40,F,1,1,1,2,1,2,NT,1,6,1,35,35,1,1,,20,,,,,,,29,F,1,1,1
20166069026,2016,CR,40.050682,-82.975037,1,0,0,0,0,1,0,2,Parked Vehicle,Y,N,1,,5,N,2,N,N,N,4,COLUMBUS,5/30/2016,5,1800,2,1,1,0,1,1,0,0,0,0,0,0,0,0,0,N,N,COLUMBUS,FERRIS,,U,1,1,1,2,4,3,NT,1,8,1,,15,10,1,,20,,,,,,,,,,,
20166069056,2016,CR,40.053048,-83.049627,3,0,0,1,0,1,0,2,Left Turn,N,Y,2,,4,N,4,N,N,N,4,COLUMBUS,5/30/2016,5,2355,2,1,1,0,4,1,1,0,0,1,0,0,0,0,0,N,N,COLUMBUS,KENNY,32,M,2,1,1,2,2,1,NT,4,9,1,5,35,1,1,,20,,,,,,,59,M,1,1,1
20166125255,2016,MR,39.993392,-82.979275,1,0,0,0,0,2,0,2,Left Turn,N,Y,2,,7,N,2,N,N,N,4,COLUMBUS,9/21/2016,9,740,4,1,1,0,1,1,0,0,0,0,0,0,0,0,0,N,N,COLUMBUS,ST CLAIR,52,M,1,1,1,2,2,1,NT,1,3,1,,25,11,21,,20,,,,,,,46,F,1,1,1
20166125257,2016,IR,40.022862,-82.994928,1,0,0,0,0,3,0,2,Rear End,N,N,1,2,1,Y,6,Y,Y,Y,1,COLUMBUS,9/9/2016,9,1500,6,1,1,0,1,4,0,0,0,0,0,0,0,0,0,Y,N,COLUMBUS,,22,M,1,1,1,2,1,2,NT,12,3,1,5,65,11,1,,20,,,,,,,20,F,1,1,1
20166125259,2016,IR,39.950657,-83.015502,1,0,0,0,0,1,0,1,Fixed Object,Y,Y,8,2,1,Y,6,Y,Y,N,1,COLUMBUS,9/9/2016,9,1605,6,1,1,0,1,4,0,0,0,0,0,0,0,0,0,N,N,COLUMBUS,,30,M,1,1,1,,,,,,,,,,,,,,,,,,,,,,,,
20166125262,2016,IR,39.952982,-82.948827,2,0,0,0,1,1,0,2,Rear End,Y,N,1,2,1,Y,8,Y,Y,Y,1,COLUMBUS,9/9/2016,9,1725,6,1,1,0,1,2,0,0,0,0,0,0,0,0,0,Y,N,COLUMBUS,,34,M,1,1,1,2,4,3,NT,12,3,1,5,55,11,1,,20,,,,,,,19,F,1,1,1
20166125263,2016,IR,39.945792,-83.013693,1,0,0,0,0,6,0,3,Rear End,N,Y,1,2,1,Y,8,Y,Y,Y,1,COLUMBUS,9/9/2016,9,1820,6,1,1,0,1,1,0,0,0,0,0,0,0,0,0,Y,Y,COLUMBUS,,19,M,1,7,1,2,2,1,NT,12,3,1,5,55,11,1,,20,20,,,,,,27,F,1,1,1
20166125266,2016,SR,39.971721,-83.021849,2,0,0,0,1,1,0,2,Rear End,N,N,1,2,2,Y,4,Y,N,N,4,COLUMBUS,9/15/2016,9,1745,5,1,1,0,1,3,0,0,0,0,0,0,0,0,0,N,N,COLUMBUS,,29,F,1,1,1,2,1,2,NT,12,6,1,5,55,11,1,,20,,,,,,,26,F,1,1,1
20166069058,2016,US,40.042907,-83.000248,1,0,0,0,0,1,0,1,Fixed Object,Y,N,1,2,4,N,4,N,N,N,4,COLUMBUS,5/28/2016,5,2248,7,2,2,0,4,1,0,0,0,0,0,0,0,0,0,N,N,COLUMBUS,INDIANOLA,38,M,1,1,1,,,,,,,,,,,,,,,,,,,,,,,,
20166069060,2016,SR,40.016354,-82.965713,4,0,1,0,0,3,1,2,Sideswipe - Meeting,N,N,1,2,4,N,4,N,N,N,4,COLUMBUS,5/28/2016,5,2205,7,4,2,0,4,1,0,0,0,0,1,0,0,0,0,Y,N,COLUMBUS,CLEVELAND,22,M,1,1,1,2,2,1,NT,12,6,1,30,35,1,1,,20,,,,,,,35,F,1,1,1
20166069061,2016,CR,39.985091,-82.955877,1,0,0,0,0,2,0,1,Fixed Object,Y,N,1,,4,N,3,N,N,N,4,COLUMBUS,5/28/2016,5,2240,7,2,2,0,4,1,1,0,0,0,1,0,0,0,0,N,N,COLUMBUS,LEONARD,50,F,2,1,1,,,,,,,,,,,,,,,,,,,,,,,,
20166069303,2016,US,40.118411,-83.016175,1,0,0,0,0,3,0,2,Sideswipe - passing,N,Y,2,2,3,Y,6,N,N,N,4,COLUMBUS,5/31/2016,5,717,3,1,1,0,1,1,0,0,0,0,0,0,1,4,3,N,N,COLUMBUS,HIGH,51,M,1,1,1,2,1,2,NT,4,7,1,20,45,1,99,,20,,,,,,,50,M,1,1,1
20166069313,2016,SR,39.958521,-83.018389,1,0,0,0,0,5,0,5,Sideswipe - passing,N,N,1,2,2,Y,6,Y,N,N,4,COLUMBUS,5/20/2016,5,618,6,1,1,0,1,4,0,0,0,0,0,0,0,0,0,N,N,COLUMBUS,,36,M,1,1,1,2,1,2,NT,12,3,1,55,55,1,1,,6,,,,,,,35,M,1,1,1
20166069856,2016,US,39.956411,-82.908496,1,0,0,0,0,2,0,2,Right Turn,N,N,1,2,3,N,4,N,N,N,4,COLUMBUS,5/29/2016,5,2307,1,4,2,0,4,1,0,0,0,0,0,1,0,0,0,Y,N,COLUMBUS,MAIN,21,M,1,1,1,2,4,3,NT,12,6,1,30,35,1,1,,20,,,,,,,68,M,1,1,1
20166069857,2016,CR,39.983895,-82.979923,3,0,0,1,0,1,0,1,Fixed Object,Y,Y,3,,5,N,2,N,N,N,4,COLUMBUS,5/21/2016,5,25,7,4,2,0,4,1,0,0,0,0,0,0,0,0,0,N,N,COLUMBUS,ST CLAIR,,U,1,1,1,,,,,,,,,,,,,,,,,,,,,,,,
20166069858,2016,CR,39.916803,-82.903549,1,0,0,0,0,1,0,1,Fixed Object,Y,N,1,,3,N,4,N,N,N,4,COLUMBUS,5/28/2016,5,311,7,1,1,0,4,1,0,0,0,0,0,0,0,0,0,Y,N,COLUMBUS,REFUGEE,18,M,1,1,1,,,,,,,,,,,,,,,,,,,,,,,,
20166069859,2016,CR,39.916441,-82.89699,1,0,0,0,0,3,0,2,Sideswipe - passing,N,Y,1,,3,N,4,N,N,N,4,COLUMBUS,5/29/2016,5,35,1,1,1,0,4,1,0,0,0,0,0,0,0,0,0,Y,N,COLUMBUS,COURTRIGHT,17,M,1,1,1,2,1,2,NT,4,7,1,30,35,1,1,,20,,,,,,,35,M,1,1,1
20166069861,2016,IR,39.824486,-83.138195,1,0,0,0,0,1,0,1,Animal,N,N,1,2,1,Y,4,Y,Y,Y,1,PLEASANT TOWNSHIP,5/27/2016,5,1658,6,1,1,0,1,1,0,0,0,0,0,1,0,0,0,N,N,PLEASANT TOWNSHIP,,72,F,1,1,1,,,,,,,,,,,,,,,,,,,,,,,,
20166069903,2016,SR,40.007036,-83.030896,3,0,0,1,0,0,0,1,Fixed Object,Y,N,1,2,2,Y,6,Y,N,N,4,COLUMBUS,5/31/2016,5,2245,3,1,1,0,4,1,0,0,0,1,0,0,0,0,0,N,N,COLUMBUS,,40,M,1,1,1,,,,,,,,,,,,,,,,,,,,,,,,
20166062098,2016,CR,39.908944,-82.833052,1,0,0,0,0,3,0,1,Fixed Object,Y,Y,3,,4,N,2,N,N,N,4,COLUMBUS,5/14/2016,5,1630,7,2,1,0,1,1,0,1,0,0,0,0,0,0,0,N,N,COLUMBUS,BRICE,39,M,4,1,1,,,,,,,,,,,,,,,,,,,,,,,,
20166062126,2016,CR,40.049797,-82.953777,1,0,0,0,0,2,0,2,Sideswipe - passing,N,N,1,,3,N,4,N,N,N,4,COLUMBUS,5/12/2016,5,1650,5,1,1,0,1,1,0,0,0,0,0,0,0,0,0,N,N,COLUMBUS,CLEVELAND,56,M,1,1,1,2,1,2,NT,12,3,1,15,35,1,1,,20,,,,,,,41,F,1,1,1
20166062130,2016,TR,39.867826,-82.811817,1,0,0,0,0,1,0,2,Parked Vehicle,Y,N,1,,5,N,2,N,N,N,4,COLUMBUS,5/15/2016,5,1330,1,1,1,0,1,1,0,0,0,0,0,0,0,0,0,N,N,COLUMBUS,LAUREL BOAT,,U,1,1,1,2,4,3,NT,1,2,1,,25,10,1,,20,,,,,,,,,,,
20166062131,2016,SR,39.825268,-83.03187,1,0,0,0,0,7,0,3,Rear End,N,Y,2,2,3,N,2,N,N,N,4,GROVE CITY,5/11/2016,5,1530,4,1,1,0,1,1,0,0,0,0,0,0,0,0,0,N,N,JACKSON TOWNSHIP,,44,M,1,1,1,2,3,4,NT,4,7,1,,55,11,1,,20,20,,,,,,48,M,1,1,1
20166062132,2016,CR,40.061431,-82.952864,1,0,0,0,0,2,0,2,Left Turn,N,Y,3,,3,N,4,N,N,N,4,COLUMBUS,5/12/2016,5,1640,5,1,1,0,1,1,0,0,0,0,0,0,0,0,0,Y,N,COLUMBUS,CLEVELAND,24,F,1,1,1,2,1,2,NT,12,5,1,35,35,1,1,,20,,,,,,,55,F,1,1,1
20166062134,2016,SR,39.979294,-82.843585,1,0,0,0,0,2,0,2,Sideswipe - passing,N,N,1,2,3,N,5,N,N,N,4,COLUMBUS,5/13/2016,5,752,6,1,1,0,1,1,0,0,0,0,1,0,0,0,0,Y,N,COLUMBUS,BROAD,21,F,1,1,1,2,3,4,NT,12,2,1,40,35,1,1,,20,,,,,,,37,F,1,1,1
20166125267,2016,IR,39.971889,-82.986494,4,0,1,0,0,2,0,2,Rear End,N,N,1,2,1,Y,4,Y,Y,N,1,COLUMBUS,9/9/2016,9,1449,6,2,1,0,1,1,0,0,0,0,0,0,0,0,0,N,N,COLUMBUS,,31,M,1,1,1,2,3,4,NT,12,5,1,,55,11,1,,20,,,,,,,53,M,1,1,1
20166125269,2016,RA,39.978943,-82.982689,1,0,0,0,0,3,0,2,Sideswipe - passing,N,N,1,4,1,N,,Y,Y,Y,1,COLUMBUS,9/9/2016,9,1629,6,2,1,0,1,1,0,0,0,0,0,0,0,0,0,Y,N,COLUMBUS,,28,M,1,1,1,2,2,1,NT,12,3,1,25,55,1,1,,20,,,,,,,17,F,1,1,1
20166125270,2016,IR,39.952927,-83.009246,3,0,0,1,0,2,0,2,Rear End,N,N,1,2,1,Y,6,Y,Y,Y,1,COLUMBUS,9/9/2016,9,1744,6,2,10,0,1,1,0,0,0,0,1,0,0,0,0,Y,N,COLUMBUS,,17,F,1,1,1,2,4,3,NT,12,6,1,15,55,11,1,,20,,,,,,,31,F,1,1,1
20166125272,2016,IR,39.952927,-83.009246,2,0,0,0,2,3,0,2,Rear End,N,N,1,2,1,Y,6,Y,Y,Y,1,COLUMBUS,9/13/2016,9,1703,3,1,1,0,1,1,0,0,0,0,0,0,0,0,0,N,N,COLUMBUS,,32,M,1,1,1,2,4,3,NT,12,17,1,,55,11,1,,20,,,,,,,44,M,1,1,1
20166125327,2016,IR,39.910567,-82.8897,1,0,0,0,0,4,0,3,Rear End,N,N,1,2,1,Y,6,Y,Y,Y,1,COLUMBUS,9/20/2016,9,1758,3,1,1,0,1,1,0,0,0,0,0,0,0,0,0,Y,N,COLUMBUS,,31,M,1,1,1,2,1,2,NT,12,4,1,17,65,11,1,,20,20,,,,,,36,F,1,1,1
20166125328,2016,IR,40.0349,-82.996141,2,0,0,0,1,2,0,2,Sideswipe - passing,Y,N,8,2,1,Y,6,Y,Y,Y,1,COLUMBUS,9/18/2016,9,1412,1,1,1,0,1,2,0,0,0,0,0,0,0,0,0,N,Y,COLUMBUS,,32,F,1,7,1,2,1,2,NT,12,7,1,65,65,1,1,,20,,,,,,,56,M,1,1,1
20166125329,2016,IR,40.110858,-82.977244,4,0,1,0,0,0,1,1,Fixed Object,Y,N,1,2,1,Y,6,Y,Y,N,1,COLUMBUS,9/13/2016,9,1727,3,1,1,0,1,1,0,0,0,0,0,0,0,0,0,N,N,COLUMBUS,,36,M,1,1,1,,,,,,,,,,,,,,,,,,,,,,,,
20166125330,2016,IR,39.973265,-83.082277,1,0,0,0,0,2,0,2,Sideswipe - passing,N,N,1,2,1,Y,8,Y,Y,N,1,FRANKLIN TOWNSHIP,9/18/2016,9,1729,1,2,1,0,1,1,0,0,0,0,0,0,0,0,0,N,N,COLUMBUS,,,U,1,1,1,2,4,3,NT,12,3,1,65,65,1,1,,20,,,,,,,36,M,1,1,1
20166125331,2016,IR,40.105363,-82.949432,1,0,0,0,0,3,0,3,Sideswipe - passing,N,N,1,2,1,Y,8,Y,Y,N,1,COLUMBUS,9/19/2016,9,1730,2,1,1,0,1,1,0,0,0,0,0,0,0,0,0,N,N,COLUMBUS,,56,F,1,1,1,2,3,4,NT,12,3,1,50,65,3,1,,20,,,,,,,37,F,1,1,1
20166125332,2016,CR,40.075601,-83.135693,1,0,0,0,0,2,0,2,Left Turn,N,Y,7,2,3,Y,4,N,N,N,4,COLUMBUS,9/19/2016,9,1957,2,1,1,0,4,2,0,0,0,0,0,1,0,0,0,N,N,COLUMBUS,TUTTLE CROSSING,81,F,1,1,1,2,3,2,LT,12,4,1,20,45,6,1,,20,,,,,,,53,M,1,1,1
20166125334,2016,,40.01608,-83.147943,3,0,0,1,0,1,0,2,HeadOn,N,N,1,2,,N,2,N,N,N,80,COLUMBUS,9/21/2016,9,801,4,1,1,0,1,1,0,0,0,0,1,0,0,0,0,N,N,COLUMBUS,SPRINGDALE,57,F,1,1,1,2,4,3,NT,1,7,1,5,25,1,1,,20,,,,,,,58,M,1,1,1
20166125396,2016,MR,40.084819,-83.107791,1,0,0,0,0,1,0,2,Parked Vehicle,Y,Y,3,,7,N,4,N,N,N,4,COLUMBUS,9/21/2016,9,100,4,1,1,0,5,1,0,0,0,0,0,0,0,0,0,N,N,COLUMBUS,CRANSTON,,U,1,1,1,2,7,6,NT,12,7,1,,25,10,1,,20,,,,,,,,,,,
20166125397,2016,CR,40.117811,-83.086447,2,0,0,0,1,2,0,3,Rear End,N,N,1,,4,N,2,N,N,N,4,COLUMBUS,9/21/2016,9,810,4,1,1,0,1,1,0,0,0,0,0,0,0,0,0,N,N,COLUMBUS,HARD,34,M,1,1,1,2,3,4,NT,12,6,1,,25,11,1,,20,20,,,,,,43,M,1,1,1
20166125400,2016,CR,40.060423,-82.97397,3,0,0,1,0,2,0,2,Pedestrian,N,Y,2,,3,Y,6,N,N,N,4,COLUMBUS,9/21/2016,9,812,4,1,1,0,1,1,0,0,0,0,0,1,0,0,0,N,N,COLUMBUS,MORSE,17,M,1,1,1,2,4,3,NT,4,7,1,35,45,1,1,,14,,,,,,,66,M,1,1,1
20166125484,2016,MR,39.997125,-82.982093,1,0,0,0,0,2,0,2,Sideswipe - passing,N,N,1,,7,N,2,N,N,N,4,COLUMBUS,9/21/2016,9,1130,4,1,1,0,1,1,0,0,0,0,0,0,0,0,0,N,N,COLUMBUS,13TH,42,F,1,1,1,2,3,4,NT,1,6,1,,25,10,1,,20,,,,,,,,,,,
20166125488,2016,CR,39.903516,-82.96531,1,0,0,0,0,2,0,2,Rear End,N,Y,3,,4,N,2,N,N,N,4,COLUMBUS,9/20/2016,9,1756,3,1,1,0,1,4,0,0,0,0,0,0,0,0,0,N,N,COLUMBUS,GROVEPORT,50,M,1,1,1,2,1,2,NT,12,7,1,,45,11,1,,20,,,,,,,52,F,1,1,1
20166125498,2016,CR,40.068081,-83.101355,1,0,0,0,0,3,0,2,Rear End,N,N,1,,3,N,4,N,N,N,4,COLUMBUS,9/21/2016,9,1623,4,1,1,0,1,2,0,0,0,0,0,0,0,0,0,Y,N,COLUMBUS,HAYDEN,21,F,1,1,1,2,3,4,NT,12,3,1,,40,11,1,,20,,,,,,,23,F,1,1,1
20166125500,2016,CR,40.072588,-82.998145,1,0,0,0,0,2,0,2,Rear End,N,N,10,,4,N,2,N,N,N,4,COLUMBUS,9/21/2016,9,1535,4,1,1,0,1,1,0,0,0,0,0,1,0,0,0,N,N,COLUMBUS,SINCLAIR,26,M,1,1,1,2,1,2,NT,12,6,1,,35,11,1,,20,,,,,,,65,M,1,1,1
20166125501,2016,MR,40.089743,-82.941987,3,0,0,1,0,1,0,2,Backing,N,N,1,,7,N,4,N,N,N,4,COLUMBUS,9/20/2016,9,1124,3,1,1,0,1,4,0,0,0,0,0,0,0,0,0,N,N,COLUMBUS,VISTA VIEW,28,F,1,1,1,2,1,2,NT,12,4,1,5,,1,1,,20,,,,,,,48,F,1,1,1
20166125504,2016,,40.070202,-82.942965,1,0,0,0,0,1,0,2,Parked Vehicle,N,N,1,2,,N,2,N,N,N,80,COLUMBUS,9/21/2016,9,800,4,1,1,0,4,1,0,0,0,0,1,0,0,0,0,N,N,COLUMBUS,MORALITY,27,M,1,1,1,2,4,3,NT,1,2,1,,,10,1,,20,,,,,,,,,,,
20166125509,2016,US,39.948241,-82.94162,3,0,0,1,0,2,0,3,Rear End,N,Y,1,2,4,N,4,N,N,N,4,COLUMBUS,9/19/2016,9,1630,2,1,1,0,1,1,0,0,0,0,0,0,0,0,0,Y,N,COLUMBUS,LIVINGSTON,23,F,1,1,1,2,3,4,NT,4,3,1,,45,11,1,,20,20,,,,,,37,F,1,1,1
20166125514,2016,CR,39.972784,-82.913578,2,0,0,0,1,3,0,2,Angle,N,Y,1,,4,N,4,N,N,N,4,COLUMBUS,9/13/2016,9,1814,3,1,1,0,1,1,0,0,0,0,0,0,0,0,0,N,N,COLUMBUS,JAMES,61,F,1,1,1,2,2,1,NT,12,2,1,,,1,1,,20,,,,,,,56,F,1,1,1
20166125515,2016,MR,39.977819,-82.917894,1,0,0,0,0,3,0,2,HeadOn,N,Y,3,,7,N,2,N,N,N,4,COLUMBUS,9/16/2016,9,1759,6,1,1,0,1,1,0,0,0,0,0,0,0,0,0,N,N,COLUMBUS,RUHL,28,F,1,1,1,2,3,4,NT,1,22,1,,,1,99,,20,,,,,,,48,F,1,1,1
20166125517,2016,US,39.945147,-83.036171,1,0,0,0,0,5,0,4,Rear End,N,N,1,2,3,N,4,N,N,N,4,COLUMBUS,9/21/2016,9,1400,4,1,1,0,1,1,0,0,0,0,0,0,0,0,0,Y,N,COLUMBUS,HARRISBURG,23,M,1,1,1,2,2,1,NT,1,3,1,,,11,1,,20,20,,,,,,23,M,1,1,1
20166125518,2016,CR,39.946866,-82.915593,3,0,0,1,0,1,0,2,Pedalcycles,N,N,10,,4,N,4,N,N,N,4,COLUMBUS,9/15/2016,9,1738,5,1,1,0,1,1,0,0,0,0,0,0,0,0,0,Y,N,COLUMBUS,JAMES,20,M,1,1,1,2,2,1,NT,2,2,1,5,35,1,1,,15,,,,,,,38,F,1,1,1
20166125524,2016,MR,39.975583,-82.914471,3,0,0,2,0,0,0,2,Angle,N,Y,2,,7,N,2,N,N,N,4,COLUMBUS,9/15/2016,9,1700,5,1,1,0,1,1,0,0,0,0,1,1,0,0,0,N,N,COLUMBUS,MARYLAND,65,F,1,1,1,2,3,4,NT,12,2,1,35,25,1,1,,20,,,,,,,68,F,1,1,1
20166125639,2016,CR,39.907988,-82.824489,1,0,0,0,0,2,0,2,Rear End,N,N,1,,3,N,2,N,N,N,4,COLUMBUS,9/21/2016,9,2105,4,1,1,0,4,1,0,0,0,0,0,0,0,0,0,Y,N,COLUMBUS,GENDER,24,F,1,1,1,2,2,1,NT,1,3,1,5,35,11,1,,20,,,,,,,64,F,1,1,1
20166125650,2016,US,39.954659,-82.838468,3,0,0,1,0,2,0,2,Left Turn,N,Y,2,2,3,Y,4,N,N,N,4,COLUMBUS,9/19/2016,9,2227,2,1,1,0,4,1,0,0,0,0,0,0,0,0,0,Y,N,COLUMBUS,MCNAUGHTEN,16,F,1,1,1,2,2,1,NT,4,6,1,40,45,1,1,,20,,,,,,,21,M,1,1,1
20166125865,2016,US,39.966703,-82.997732,2,0,0,0,1,1,0,2,Sideswipe - passing,N,Y,2,1,3,N,4,N,N,N,4,COLUMBUS,9/21/2016,9,851,4,1,1,0,1,1,0,0,0,0,0,0,0,0,0,N,N,COLUMBUS,SPRING,49,F,1,1,1,2,3,4,NT,1,6,1,20,35,1,99,,20,,,,,,,40,M,1,1,1
20166125866,2016,CR,39.960252,-82.999306,1,0,0,0,0,2,0,2,Backing,N,N,1,,5,N,4,N,N,N,4,COLUMBUS,9/19/2016,9,1238,2,1,1,0,1,1,0,0,0,0,0,0,0,0,0,N,N,COLUMBUS,STATE,47,M,1,1,1,2,4,3,NT,12,3,1,,25,11,1,,20,,,,,,,26,M,1,1,1
20166126026,2016,US,39.912907,-82.995369,3,0,0,1,0,1,0,2,Left Turn,N,Y,3,2,3,N,4,N,N,N,4,COLUMBUS,9/22/2016,9,805,5,1,1,0,1,1,0,0,0,0,0,0,0,0,0,N,N,COLUMBUS,HIGH,57,M,1,1,1,2,2,1,NT,4,3,1,30,45,1,1,,20,,,,,,,29,M,1,1,1
20166126083,2016,CR,39.968961,-83.109268,3,0,0,2,0,1,0,2,Left Turn,N,Y,4,2,4,N,4,N,N,N,4,COLUMBUS,9/19/2016,9,1410,2,1,1,0,1,1,0,0,0,0,0,0,0,0,0,N,N,COLUMBUS,FISHER,52,M,1,1,1,2,3,4,NT,12,5,1,40,45,1,1,,20,,,,,,,47,M,1,1,1
20166126084,2016,US,39.964391,-82.981634,1,0,0,0,0,2,0,2,Angle,N,Y,3,2,3,N,6,N,N,N,4,COLUMBUS,9/19/2016,9,1547,2,1,1,0,1,1,0,0,0,0,0,0,0,0,0,Y,N,COLUMBUS,BROAD,49,M,1,1,1,2,2,4,LT,4,3,1,15,35,6,1,,20,,,,,,,20,F,1,1,1
20166126086,2016,SR,39.985252,-82.791096,1,0,0,0,0,2,0,2,Rear End,N,Y,2,2,3,N,5,N,N,N,4,COLUMBUS,9/21/2016,9,1645,4,2,1,0,1,1,0,0,0,0,0,0,0,0,0,N,N,COLUMBUS,BROAD,26,F,1,1,1,2,4,3,NT,4,3,1,,50,11,1,,20,,,,,,,57,F,1,1,1
20166062194,2016,CR,39.929794,-83.116435,1,0,0,0,0,3,0,2,Rear End,N,N,1,,5,N,2,N,N,N,4,COLUMBUS,5/11/2016,5,2240,4,1,1,0,5,1,0,0,0,0,0,0,0,0,0,Y,N,COLUMBUS,HALL,39,M,1,1,1,2,4,3,NT,12,3,1,,45,11,1,,20,,,,,,,20,F,1,1,1
20166062851,2016,,40.00229,-83.15744,1,0,0,0,0,1,0,1,Fixed Object,N,N,1,2,,N,2,N,N,N,80,COLUMBUS,5/16/2016,5,423,2,1,1,0,5,1,0,0,0,0,0,0,0,0,0,N,N,COLUMBUS,ROBERTS,31,M,1,1,1,,,,,,,,,,,,,,,,,,,,,,,,
20166063094,2016,CR,39.995137,-83.085001,2,0,0,0,1,1,0,2,Left Turn,N,Y,2,,4,N,4,N,N,N,4,COLUMBUS,4/21/2016,4,640,5,2,1,0,1,1,0,0,0,0,0,0,0,0,0,Y,N,COLUMBUS,TRABUE,,U,1,1,1,2,3,4,NT,4,3,1,35,35,1,1,,20,,,,,,,22,F,1,1,1
20166063448,2016,CR,40.060335,-82.970957,1,0,0,0,0,2,0,2,Rear End,N,N,1,,3,Y,6,N,N,N,4,COLUMBUS,5/16/2016,5,1243,2,1,1,0,1,1,0,0,0,0,0,0,0,0,0,N,N,COLUMBUS,MORSE,44,M,1,1,1,2,3,4,NT,1,3,1,5,45,1,1,,13,,,,,,,27,M,1,1,1