DOCUMENT_NBR,CRASH_YR,NLF_ROUTE_TYPE_CD,ODOT_LATITUDE_NBR,ODOT_LONGITUDE_NBR,SEVERITY_BY_TYPE_CD,ODPS_TOTAL_FATALITIES_NBR,INCAPAC_INJURIES_NBR,NON_INCAPAC_INJURIES_NBR,POSSIBLE_INJURIES_NBR,NO_INJURY_REPORTED_NBR,UNRESTRAIN_OCCUPANTS,NUMBER_OF_UNITS_NBR,CRASH_TYPE_CD,FHWA_RDWY_DEPARTURE_IND,ODOT_INTERSECTION_REL_IND,ODOT_CRASH_LOCATION_CD,FACILITY_TYPE_CD,FUNCTIONAL_CLASS_CD,ODOT_DIV_UNDIV_IND,ODOT_LANES_NBR,FREEWAY_IND,INTERSTATE_IND,ODOT_MAINTAINED_HWY_IND,MAINTENANCE_AUTHORITY_CD,ODOT_CITY_VILLAGE_TWP_NME,CRASH_DT,MONTH_OF_CRASH,TIME_OF_CRASH,DAY_IN_WEEK_CD,WEATHER_COND_CD,ROAD_COND_PRIMARY_CD,ROAD_COND_SECONDARY_CD,LIGHT_COND_PRIMARY_CD,ROAD_CONTOUR_CD,ODPS_ALCOHOL_IND,ODPS_DRUG_IND,ODPS_SCHOOL_ZONE_IND,ODPS_MOTORCYCLE_IND,ODPS_SPEED_IND,ODPS_SENIOR_DRIVER_IND,ODPS_WORK_ZONE_IND,ODPS_LOC_IN_WORK_ZONE_CD,ODPS_TYPE_OF_WORK_ZONE_CD,ODOT_YOUNG_DRIVER_IND,DISTRACTED_DRIVER_IND,ODPS_CITY_VILLAGE_TWP_NME,ODPS_LOC_ROAD_NME,U1_AGE_NBR,U1_GENDER_CD,U1_ALCOH_DRUG_SUSPCTD_CD,U1_DISTRACTED_BY_1_CD,U1_DISTRACTED_BY_2_CD,U2_ODPS_UNIT_NBR,U2_DIRECTION_FROM_CD,U2_DIRECTION_TO_CD,U2_TURN_CD,U2_TRAFFIC_CONTROL_CD,U2_TYPE_OF_UNIT_CD,U2_SPECIAL_FUNCTION_CD,U2_UNIT_SPEED_NBR,U2_POSTED_SPEED_NBR,U2_PRECRASH_ACTION_CD,U2_CONT_CIR_PRIMARY_CD,U2_CONT_CIR_SECONDARY_CD,U2_SEQ_OF_EVENTS_1_CD,U2_SEQ_OF_EVENTS_2_CD,U2_SEQ_OF_EVENTS_3_CD,U2_SEQ_OF_EVENTS_4_CD,U2_SEQ_OF_EVENTS_5_CD,U2_SEQ_OF_EVENTS_6_CD,U2_NON_MOTORIST_LOC_CD,U2_AGE_NBR,U2_GENDER_CD,U2_ALCOH_DRUG_SUSPCTD_CD,U2_DISTRACTED_BY_1_CD,U2_DISTRACTED_BY_2_CD
20166063449,2016,SR,40.08496,-82.951111,1,0,0,0,0,4,0,4,Rear End,N,N,1,2,3,Y,4,N,N,N,4,COLUMBUS,5/13/2016,5,1125,6,1,1,0,1,1,0,0,0,0,0,0,0,0,0,Y,N,COLUMBUS,CLEVELAND,33,F,1,1,1,2,2,1,NT,1,2,1,,35,11,1,,20,,,,,,,57,M,1,1,1
20166063842,2016,IR,40.111395,-83.004376,1,0,0,0,0,13,0,2,Sideswipe - passing,N,Y,7,2,1,Y,10,Y,Y,Y,1,SHARON TOWNSHIP,5/13/2016,5,1530,6,2,1,0,1,3,0,0,1,0,0,0,0,0,0,Y,N,PERRY TOWNSHIP,,,U,0,0,0,1,4,3,NT,12,21,4,,65,1,1,,20,,,,,,,25,F,1,1,1
20166126093,2016,CR,39.952781,-82.996148,2,0,0,0,1,2,0,2,Rear End,N,Y,3,,7,N,4,N,N,N,4,COLUMBUS,9/21/2016,9,1521,4,1,1,0,1,1,0,0,0,0,0,0,0,0,0,N,N,COLUMBUS,3RD,51,M,1,1,1,2,2,1,NT,12,3,1,,25,11,1,,20,,,,,,,34,F,1,1,1
20166126097,2016,CR,40.034337,-82.932746,1,0,0,0,0,2,0,2,Sideswipe - passing,N,Y,1,,5,N,2,N,N,N,4,COLUMBUS,9/21/2016,9,1214,4,1,1,0,1,1,0,0,0,0,0,0,0,0,0,N,N,COLUMBUS,INNIS,57,M,1,1,1,2,4,3,NT,12,7,1,,,11,1,,20,,,,,,,29,M,1,1,1
20166126140,2016,,40.11559,-83.05052,1,0,0,0,0,1,0,1,Fixed Object,N,N,1,2,,N,2,N,N,N,80,COLUMBUS,9/22/2016,9,1510,5,1,1,0,1,3,0,0,0,0,0,0,0,0,0,Y,Y,COLUMBUS,TERRACE PARK,16,F,1,5,1,,,,,,,,,,,,,,,,,,,,,,,,
20166126151,2016,CR,39.954627,-83.000813,2,0,0,0,1,4,0,2,Rear End,N,N,1,,3,N,2,N,N,N,4,COLUMBUS,9/21/2016,9,1813,4,1,1,0,1,2,0,0,0,0,0,1,0,0,0,N,Y,COLUMBUS,MOUND,54,F,1,6,1,2,4,3,NT,12,6,1,,25,11,1,,20,,,,,,,65,F,1,1,1
20166126214,2016,IR,40.128701,-82.971775,2,0,0,0,2,2,0,2,Rear End,N,N,1,2,1,Y,8,Y,Y,Y,1,COLUMBUS,9/22/2016,9,1845,5,1,1,0,3,1,0,0,0,0,0,0,0,0,0,N,Y,COLUMBUS,,44,M,1,6,1,2,1,2,NT,12,2,1,3,65,11,1,,20,,,,,,,55,F,1,1,1
20166126474,2016,,40.075372,-82.811811,1,0,0,0,0,1,0,2,Parked Vehicle,N,N,1,2,,N,2,N,N,N,80,NEW ALBANY,9/22/2016,9,1425,5,1,1,0,1,4,0,0,0,0,0,0,0,0,0,N,N,NEW ALBANY,COLE PARK,0,M,1,1,1,2,2,1,NT,1,8,1,,25,10,1,,20,,,,,,,,,,,
20166063843,2016,CR,40.074749,-83.001175,2,0,0,0,1,1,0,2,Angle,N,Y,2,,5,N,2,N,N,N,4,COLUMBUS,5/18/2016,5,1720,4,1,1,0,1,1,0,0,0,0,0,1,0,0,0,Y,N,COLUMBUS,INDIANOLA,24,M,1,1,1,2,3,4,NT,12,3,1,,,1,1,,20,,,,,,,66,F,1,1,1
20166063844,2016,MR,40.017706,-82.990971,3,0,0,1,0,1,0,2,Right Turn,N,N,1,,7,N,2,N,N,N,4,COLUMBUS,5/18/2016,5,1643,4,1,1,0,1,1,0,0,0,1,0,0,0,0,0,N,N,COLUMBUS,AUDUBON,29,F,1,1,1,2,2,1,NT,1,9,1,25,25,1,1,,20,,,,,,,63,M,1,1,1
20166063845,2016,CR,39.973582,-83.004533,1,0,0,0,0,4,0,4,Angle,N,N,1,,4,N,4,N,N,N,4,COLUMBUS,5/14/2016,5,255,7,1,1,0,4,1,0,0,0,0,0,0,0,0,0,N,N,COLUMBUS,PARK,27,M,1,1,1,2,3,4,NT,2,8,1,25,25,1,1,,20,,,,,,,56,F,1,1,1
20166063847,2016,CR,39.931883,-82.983914,1,0,0,0,0,3,0,3,Rear End,N,Y,3,,4,N,4,N,N,N,4,COLUMBUS,5/18/2016,5,1555,4,1,1,0,1,1,0,0,0,0,0,0,0,0,0,Y,N,COLUMBUS,PARSONS,,M,1,1,1,2,2,1,NT,4,2,1,,25,11,1,,20,20,,,,,,24,F,1,1,1
20166063848,2016,SR,40.087085,-82.975312,3,0,0,1,2,1,1,2,Left Turn,N,Y,2,2,3,Y,4,N,N,N,4,COLUMBUS,5/18/2016,5,1930,4,2,1,0,1,1,0,0,0,0,0,0,0,0,0,N,N,COLUMBUS,KARL,39,F,1,1,1,2,2,1,NT,4,3,1,35,35,1,1,,20,,,,,,,61,F,1,1,1
20166126476,2016,SR,40.10704,-82.811633,1,0,0,0,0,1,0,1,Fixed Object,Y,Y,4,2,4,N,2,N,N,Y,1,PLAIN TOWNSHIP,9/22/2016,9,1654,5,1,1,0,1,1,0,0,0,0,0,0,0,0,0,N,N,NEW ALBANY,SCHLEPPI,0,M,1,1,1,,,,,,,,,,,,,,,,,,,,,,,,
20166126488,2016,CR,40.111402,-83.090779,1,0,0,0,0,2,0,2,Sideswipe - passing,N,N,1,2,3,Y,4,N,N,N,4,COLUMBUS,9/23/2016,9,810,6,1,1,0,1,2,0,0,0,0,0,0,0,0,0,Y,N,COLUMBUS,SAWMILL,19,M,1,1,1,2,2,1,NT,12,2,1,35,45,1,1,,20,,,,,,,31,M,1,1,1
20166126681,2016,CR,40.002303,-82.912757,3,0,0,1,0,1,0,2,Rear End,N,N,1,,4,Y,4,N,N,N,4,COLUMBUS,9/19/2016,9,1208,2,1,1,0,1,1,0,0,0,0,0,0,0,0,0,Y,N,COLUMBUS,STELZER,24,M,1,1,1,2,1,2,NT,12,3,1,,35,11,1,,20,,,,,,,30,M,1,1,1
20166126683,2016,SR,39.966069,-82.9916,2,0,0,0,2,0,0,2,Angle,N,Y,2,1,4,N,4,N,N,N,4,COLUMBUS,9/20/2016,9,1440,3,1,1,0,1,1,0,0,0,0,0,1,0,0,0,N,N,COLUMBUS,GRANT,65,M,1,1,1,2,2,1,NT,4,6,1,30,35,1,99,,20,,,,,,,30,F,1,1,1
20166126684,2016,CR,39.951382,-82.995838,1,0,0,0,0,2,0,2,Left Turn,N,Y,2,,7,N,4,N,N,N,4,COLUMBUS,9/21/2016,9,1247,4,1,1,0,1,1,0,0,0,0,0,0,0,0,0,N,N,COLUMBUS,3RD,51,M,1,1,1,2,2,1,NT,1,6,1,15,30,1,1,,20,,,,,,,36,F,1,1,1
20166126687,2016,MR,39.975968,-83.002514,1,0,0,0,0,1,0,2,Parked Vehicle,Y,N,1,,7,N,2,N,N,N,4,COLUMBUS,9/23/2016,9,1045,6,1,1,0,1,1,0,0,0,0,0,0,0,0,0,N,N,COLUMBUS,PEARL,,U,1,1,1,2,1,2,NT,1,3,1,,25,10,1,,20,,,,,,,,,,,
20166063849,2016,CR,39.960551,-82.984784,1,0,0,0,0,2,1,2,Sideswipe - passing,N,N,1,,7,N,4,N,N,N,4,COLUMBUS,5/18/2016,5,1653,4,1,1,0,1,1,0,0,0,0,0,0,0,0,0,N,N,COLUMBUS,TOWN,,U,1,1,1,2,3,4,NT,1,3,1,,,10,1,,20,,,,,,,,,,,
20166063850,2016,US,39.86323,-83.004486,1,0,0,0,0,4,0,2,Rear End,N,N,1,2,3,N,4,N,N,N,4,COLUMBUS,5/18/2016,5,1547,4,2,1,0,1,1,0,0,0,0,0,0,0,0,0,N,N,COLUMBUS,HIGH,52,M,1,1,1,2,1,2,NT,12,5,1,,55,11,1,,20,,,,,,,57,F,1,1,1
20166063851,2016,CR,39.934577,-82.964441,1,0,0,0,0,2,0,2,Pedalcycles,N,Y,2,,4,N,4,N,N,N,4,COLUMBUS,5/18/2016,5,1430,4,2,1,0,1,1,0,0,0,0,1,0,0,0,0,N,N,COLUMBUS,LOCKBOURNE,,M,1,1,1,2,1,3,LT,4,25,1,5,25,16,22,,20,,,,,,6,55,M,1,1,1
20166063852,2016,CR,40.006168,-83.013074,1,0,0,0,0,2,0,2,Angle,N,N,10,,4,N,4,N,N,N,4,COLUMBUS,5/18/2016,5,1601,4,1,1,0,1,1,0,0,0,0,0,0,0,0,0,Y,N,COLUMBUS,OF,24,M,1,1,1,2,3,4,NT,1,3,1,10,15,1,1,,20,,,,,,,20,M,1,1,1
20166063854,2016,CR,39.973861,-83.010433,1,0,0,0,0,1,0,1,Fixed Object,Y,Y,1,,4,N,4,N,N,N,4,COLUMBUS,5/17/2016,5,2123,3,4,2,0,4,1,0,0,0,0,0,0,0,0,0,Y,N,COLUMBUS,GOODALE,25,M,1,1,1,,,,,,,,,,,,,,,,,,,,,,,,
20166063855,2016,US,39.955112,-82.996551,1,0,0,0,0,3,0,3,Angle,N,Y,2,1,3,N,4,N,N,N,4,COLUMBUS,5/18/2016,5,1936,4,1,1,0,1,1,0,0,0,0,0,0,0,0,0,Y,N,COLUMBUS,MOUND,35,M,1,1,1,2,3,4,NT,4,2,1,10,35,1,1,,20,,,,,,,27,F,1,1,1
20166126688,2016,US,39.95214,-82.982407,1,0,0,0,0,2,0,2,Rear End,N,Y,2,2,3,N,4,N,N,N,4,COLUMBUS,9/19/2016,9,737,2,1,1,0,1,1,0,0,0,0,0,0,0,0,0,Y,Y,COLUMBUS,LIVINGSTON,24,F,1,6,1,2,3,4,NT,4,3,1,,35,11,1,,20,,,,,,,22,M,1,1,1
20166126690,2016,US,39.974231,-82.998238,2,0,0,0,1,1,0,2,Sideswipe - passing,N,Y,2,1,3,N,4,N,N,N,4,COLUMBUS,9/23/2016,9,1340,6,1,1,0,1,1,0,0,0,1,0,0,0,0,0,N,N,COLUMBUS,4TH,46,M,1,1,1,2,2,4,LT,1,17,22,10,40,6,99,,20,,,,,,,53,M,1,1,1
20166126757,2016,,40.067113,-82.924193,1,0,0,0,0,1,0,2,Parked Vehicle,N,Y,3,2,,N,2,N,N,N,80,COLUMBUS,9/23/2016,9,1600,6,1,1,0,1,1,0,0,0,0,0,0,0,0,0,N,N,COLUMBUS,WESTERVILLE WOODS,59,F,1,1,1,2,1,2,NT,1,20,16,,25,10,1,,20,,,,,,,,,,,
20166126762,2016,IR,40.112009,-83.027733,1,0,0,0,0,2,0,2,Rear End,N,N,1,2,1,Y,8,Y,Y,Y,1,SHARON TOWNSHIP,9/22/2016,9,1800,5,1,1,0,1,1,0,0,0,0,0,0,0,0,0,Y,N,SHARON TOWNSHIP,,21,F,1,1,1,1,4,3,NT,12,3,1,,55,1,1,,20,,,,,,,57,M,1,1,1
20166126767,2016,MR,40.041672,-83.014477,1,0,0,0,0,1,0,2,Parked Vehicle,Y,N,1,,7,N,2,N,N,N,4,COLUMBUS,9/23/2016,9,1330,6,1,1,0,1,1,0,0,0,0,0,0,0,0,0,N,N,COLUMBUS,CHATHAM,,U,1,1,1,2,3,4,NT,1,3,1,,,10,1,,20,,,,,,,,,,,
20166126768,2016,SR,40.022027,-83.035359,1,0,0,0,0,2,0,2,Sideswipe - passing,N,N,1,2,2,Y,6,Y,N,N,4,COLUMBUS,9/23/2016,9,1625,6,1,1,0,1,1,0,0,0,0,0,1,0,0,0,N,N,COLUMBUS,,47,M,1,1,1,2,1,2,NT,12,3,1,,55,11,1,,20,,,,,,,67,F,1,1,1
20166063856,2016,CR,39.890081,-82.958347,1,0,0,0,0,2,0,2,Sideswipe - passing,N,N,1,,4,N,2,N,N,N,4,OBETZ,5/18/2016,5,1420,4,2,1,0,1,1,0,0,0,0,0,1,0,0,0,N,N,COLUMBUS,WILLIAMS,71,F,1,1,1,2,3,4,NT,12,14,15,,35,11,1,,20,,,,,,,52,M,1,1,1
20166063971,2016,CR,39.949579,-83.065118,1,0,0,0,0,1,0,1,Fixed Object,Y,N,1,,7,N,2,N,N,N,4,COLUMBUS,5/17/2016,5,2257,3,4,2,0,4,1,0,0,0,0,0,0,0,0,0,N,N,COLUMBUS,EUREKA,57,F,1,1,1,,,,,,,,,,,,,,,,,,,,,,,,
20166064082,2016,CR,40.060181,-82.863415,1,0,0,0,0,2,0,2,Left Turn,N,Y,2,,6,N,4,N,N,N,4,COLUMBUS,5/18/2016,5,749,4,2,2,0,1,1,0,0,0,0,0,0,0,0,0,N,N,COLUMBUS,BROADVIEW,28,M,1,1,1,2,3,4,NT,4,3,1,,,1,1,,20,,,,,,,26,F,1,1,1
20166064086,2016,SR,40.058927,-82.937316,1,0,0,0,0,2,0,2,Rear End,N,Y,1,2,4,N,4,N,N,N,1,BLENDON TOWNSHIP,5/18/2016,5,907,4,1,1,0,1,1,0,0,0,0,0,1,0,0,0,N,N,COLUMBUS,WESTERVILLE,33,M,1,1,1,2,1,2,NT,4,3,1,,45,11,1,,20,,,,,,,69,F,1,1,1
20166064090,2016,CR,40.047981,-82.913034,1,0,0,0,0,2,0,2,Left Turn,N,Y,2,,4,Y,6,N,N,N,4,COLUMBUS,5/18/2016,5,1250,4,1,1,0,1,1,0,0,0,0,0,0,0,0,0,Y,N,COLUMBUS,CHAGRIN,24,M,1,1,1,2,1,2,NT,12,2,1,15,25,1,1,,20,,,,,,,26,F,1,1,1
20166064106,2016,US,39.96377,-82.987086,2,0,0,0,1,1,0,2,Sideswipe - passing,N,Y,2,2,3,N,6,N,N,N,4,COLUMBUS,5/18/2016,5,841,4,1,2,0,1,1,0,0,0,0,0,0,0,0,0,N,N,COLUMBUS,BROAD,51,M,1,1,1,2,3,4,NT,12,2,1,5,35,1,1,,23,,,,,,,37,F,1,1,1
20166064109,2016,MR,39.977199,-83.00438,1,0,0,0,0,1,0,2,Sideswipe - passing,N,Y,2,,7,N,4,N,N,N,4,COLUMBUS,5/18/2016,5,1302,4,2,1,0,1,1,0,0,0,0,0,0,0,0,0,N,N,COLUMBUS,BUTTLES,,U,1,1,1,2,3,4,NT,1,6,1,,25,10,1,,20,,,,,,,,,,,
20166064118,2016,MR,40.022464,-82.866249,1,0,0,0,0,2,0,2,Backing,N,Y,3,,7,N,2,N,N,N,4,GAHANNA,5/19/2016,5,729,5,1,1,0,1,2,0,0,0,0,0,1,0,0,0,N,N,GAHANNA,CARPENTER,69,F,1,1,1,1,4,3,NT,2,2,1,,25,11,1,,20,,,,,,,45,M,1,1,1
20166064119,2016,CR,39.930564,-83.135031,2,0,0,0,1,2,0,3,Rear End,N,N,1,,5,N,2,N,N,N,4,COLUMBUS,5/19/2016,5,721,5,1,1,0,1,1,0,0,0,0,0,1,0,0,0,N,N,COLUMBUS,HALL,42,M,1,1,1,2,4,3,NT,1,6,1,3,35,11,1,,20,,,,,,,29,F,1,1,1
20166064889,2016,MR,39.972658,-83.099057,1,0,0,0,0,2,0,2,Angle,N,N,1,,7,N,4,N,N,N,4,COLUMBUS,5/20/2016,5,835,6,2,1,0,1,1,0,0,0,0,0,0,0,0,0,N,N,COLUMBUS,INTERCHANGE,,U,1,1,1,2,4,3,NT,12,17,1,,,11,1,,20,,,,,,,57,M,1,1,1
20166064897,2016,CR,40.048644,-82.86416,1,0,0,0,0,5,0,2,Right Turn,N,Y,1,,3,N,2,N,N,N,4,GAHANNA,5/7/2016,5,2108,7,1,1,0,4,1,0,0,0,0,0,1,0,0,0,Y,N,GAHANNA,HAMILTON,18,F,1,1,1,2,1,2,NT,1,4,1,30,35,1,1,,20,,,,,,,70,M,1,1,1
20166064898,2016,SR,40.01665,-82.866702,1,0,0,0,0,2,0,2,Rear End,N,Y,1,2,3,N,5,N,N,N,4,GAHANNA,5/13/2016,5,739,6,1,1,0,1,1,0,0,0,0,0,0,0,0,0,N,N,GAHANNA,HAMILTON,41,M,1,1,1,2,2,1,NT,1,4,1,,35,11,1,,20,,,,,,,47,M,1,1,1
20166126769,2016,CR,40.031219,-82.962408,2,0,0,0,1,1,0,2,Rear End,N,N,1,,4,N,2,N,N,N,4,COLUMBUS,9/23/2016,9,1519,6,1,1,0,1,1,0,0,0,0,0,0,0,0,0,N,N,COLUMBUS,OAKLAND PARK,35,M,1,1,1,2,3,4,NT,12,6,1,,35,11,1,,20,,,,,,,61,M,1,1,1
20166126884,2016,US,39.951345,-83.147093,1,0,0,0,0,2,0,2,Rear End,N,Y,2,2,3,Y,4,N,N,Y,1,COLUMBUS,9/21/2016,9,1225,4,1,1,0,1,1,0,0,0,0,0,1,0,0,0,N,N,COLUMBUS,WESTWOODS,28,M,1,1,1,2,2,1,NT,4,2,1,,35,11,1,,20,,,,,,,71,F,1,1,1
20166126886,2016,CR,39.942467,-83.097863,1,0,0,0,0,2,0,2,Sideswipe - passing,N,N,1,,4,N,4,N,N,N,4,COLUMBUS,9/23/2016,9,1030,6,1,1,0,1,1,0,0,0,0,0,0,0,0,0,N,N,COLUMBUS,SULLIVANT,61,M,1,1,1,2,4,3,NT,12,3,1,35,35,1,1,,20,,,,,,,62,M,1,1,1
20166126889,2016,TR,40.079519,-82.877533,1,0,0,0,0,3,0,3,Rear End,N,N,1,,7,N,2,N,N,N,4,COLUMBUS,9/23/2016,9,906,6,1,1,0,1,1,0,0,0,0,0,0,0,0,0,Y,N,COLUMBUS,DUBLIN GRANVILLE,22,F,1,1,1,2,3,4,NT,12,6,1,,,11,1,,20,,,,,,,42,M,1,1,1
20166126899,2016,CR,39.91628,-82.893981,1,0,0,0,0,1,0,1,Other Non-Collision,Y,N,1,,3,N,4,N,N,N,4,COLUMBUS,9/23/2016,9,1048,6,1,1,0,1,1,0,0,0,0,1,0,0,0,0,Y,N,COLUMBUS,REFUGEE,24,F,1,1,1,,,,,,,,,,,,,,,,,,,,,,,,
20166112995,2016,MR,40.108236,-82.973387,1,0,0,0,0,1,0,2,Sideswipe - passing,Y,N,1,,7,N,4,N,N,N,4,COLUMBUS,8/28/2016,8,100,1,1,1,0,4,1,0,0,0,0,0,0,0,0,0,N,N,COLUMBUS,GARDEN TER,,U,1,1,1,2,1,2,NT,1,3,1,,,10,1,,20,,,,,,,,,,,
20166064899,2016,IR,40.008773,-82.896346,1,0,0,0,0,2,0,1,Fixed Object,Y,N,1,2,1,Y,6,Y,Y,Y,1,GAHANNA,5/15/2016,5,716,1,2,1,0,1,3,0,0,0,0,0,0,0,0,0,N,N,GAHANNA,IR 270 NB,30,F,1,1,1,,,,,,,,,,,,,,,,,,,,,,,,
20166064900,2016,IR,40.004512,-82.867879,1,0,0,0,0,2,0,2,Rear End,N,Y,3,2,1,Y,8,Y,Y,N,1,GAHANNA,5/19/2016,5,756,5,1,1,0,1,2,0,0,0,0,0,1,0,0,0,N,N,GAHANNA,IR 270 SB,54,F,1,1,1,2,4,3,NT,4,3,1,,25,1,1,,20,,,,,,,71,M,1,1,1
20166064923,2016,CR,40.031294,-82.96404,2,0,0,0,1,3,0,2,Left Turn,N,Y,2,,3,N,4,N,N,N,4,COLUMBUS,5/20/2016,5,1308,6,1,1,0,1,1,0,0,0,0,0,0,0,0,0,Y,N,COLUMBUS,CLEVELAND,39,F,1,1,1,2,1,2,NT,4,3,1,35,35,1,1,,20,,,,,,,20,F,1,1,1
20166064960,2016,SR,40.011995,-82.86709,1,0,0,0,0,2,0,2,Rear End,N,N,1,2,3,N,5,N,N,N,4,GAHANNA,5/18/2016,5,1432,4,2,1,0,1,1,0,0,0,0,0,0,0,0,0,Y,N,GAHANNA,HAMILTON,22,F,1,1,1,1,2,1,NT,1,6,1,5,35,11,9,,20,,,,,,,55,F,1,1,1
20166065357,2016,CR,39.963445,-83.035043,3,0,0,1,0,0,0,1,Fixed Object,Y,N,1,,5,N,2,N,N,N,4,COLUMBUS,5/21/2016,5,1039,7,2,1,0,1,1,0,0,0,0,0,0,0,0,0,N,N,COLUMBUS,MCKINLEY,50,M,1,1,1,,,,,,,,,,,,,,,,,,,,,,,,
20166065359,2016,CR,39.998026,-82.932992,1,0,0,0,0,3,0,1,Fixed Object,Y,N,1,,5,N,4,N,N,N,4,COLUMBUS,5/21/2016,5,1538,7,2,2,0,1,4,0,0,0,0,0,0,0,0,0,Y,N,COLUMBUS,AIRPORT,20,M,1,1,1,,,,,,,,,,,,,,,,,,,,,,,,
20166113881,2016,US,39.969148,-82.997512,2,0,0,0,1,2,0,2,Angle,N,Y,2,1,3,N,4,N,N,N,4,COLUMBUS,8/29/2016,8,2322,2,1,1,0,4,1,0,0,0,0,0,0,0,0,0,Y,N,COLUMBUS,4TH,49,F,1,1,1,2,3,4,NT,4,1,1,25,35,1,1,,20,,,,,,,22,M,1,1,1
20166114496,2016,MR,39.888404,-82.896339,1,0,0,0,0,1,0,2,Sideswipe - passing,N,N,1,,7,N,2,N,N,N,4,COLUMBUS,8/30/2016,8,2120,3,1,1,0,4,1,0,0,0,0,0,0,0,0,0,N,N,COLUMBUS,THREE RIVERS,,U,1,1,1,2,1,2,NT,1,3,1,,25,10,17,1,20,,,,,,,,,,,
20166114571,2016,RA,39.94788,-83.031607,2,0,0,0,4,2,0,4,Angle,N,Y,2,4,1,N,,Y,Y,Y,1,COLUMBUS,8/14/2016,8,2158,1,2,1,0,4,1,0,0,0,0,1,1,0,0,0,Y,N,COLUMBUS,MOUND,20,M,1,1,1,2,4,1,LT,4,3,1,5,35,6,1,,20,,,,,,,38,M,1,1,1
20166115501,2016,US,39.941071,-82.996552,1,0,0,0,0,2,0,2,Left Turn,N,Y,2,2,3,N,4,N,N,N,4,COLUMBUS,8/30/2016,8,1722,3,1,1,0,1,1,0,0,0,0,0,0,0,0,0,Y,N,COLUMBUS,HIGH,21,M,1,1,1,2,1,2,NT,12,3,1,20,25,1,1,,20,,,,,,,32,M,1,1,1
20166115504,2016,CR,39.984949,-82.955887,1,0,0,0,0,2,0,2,Rear End,N,Y,1,,4,N,4,N,N,N,4,COLUMBUS,8/30/2016,8,1740,3,1,1,0,1,1,0,0,0,0,0,0,0,0,0,N,N,COLUMBUS,LEONARD,30,F,1,1,1,2,2,1,NT,12,3,1,,25,11,1,,20,,,,,,,43,F,1,1,1
20166065362,2016,US,39.955428,-83.063863,1,0,0,0,0,5,1,2,Left Turn,N,Y,2,2,3,N,4,N,N,N,4,COLUMBUS,5/21/2016,5,1706,7,2,1,0,1,1,0,0,0,0,0,0,0,0,0,Y,N,COLUMBUS,BROAD,16,F,1,1,1,2,3,4,NT,1,4,1,28,35,1,1,,20,,,,,,,30,F,1,1,1
20166065364,2016,CR,40.063106,-83.038171,1,0,0,0,0,2,1,2,Parked Vehicle,Y,N,1,,3,N,4,N,N,N,4,COLUMBUS,5/21/2016,5,1830,7,4,2,0,1,1,0,0,0,0,0,0,0,0,0,N,N,COLUMBUS,BETHEL,,U,1,1,1,2,3,4,NT,1,2,1,,,10,1,,20,,,,,,,,,,,
20166065373,2016,IR,39.93581,-82.850321,3,0,0,1,0,1,0,1,Fixed Object,Y,N,1,2,1,N,10,Y,Y,Y,1,COLUMBUS,5/21/2016,5,1623,7,4,2,0,1,4,0,0,0,0,0,0,0,0,0,N,N,COLUMBUS,,27,F,1,1,1,,,,,,,,,,,,,,,,,,,,,,,,
20166065119,2016,MR,40.022821,-83.005429,1,0,0,0,0,1,0,3,Parked Vehicle,Y,N,1,,7,N,2,N,N,N,4,COLUMBUS,5/21/2016,5,32,7,4,2,0,4,1,0,0,0,0,0,0,0,0,0,Y,N,COLUMBUS,TULANE,19,M,1,1,1,2,3,4,NT,1,2,1,,25,10,1,,20,21,,,,,,,,,,
20166065120,2016,CR,40.015707,-83.011683,1,0,0,0,0,1,0,2,Parked Vehicle,Y,N,1,,3,N,4,N,N,N,4,COLUMBUS,5/21/2016,5,235,7,4,2,0,4,1,1,0,0,0,0,0,0,0,0,N,N,COLUMBUS,HIGH,38,M,2,1,1,2,1,2,NT,12,3,1,,,10,1,,20,,,,,,,,,,,
20166065122,2016,CR,40.051419,-83.020114,1,0,0,0,0,3,0,2,Left Turn,N,Y,2,,3,N,4,N,N,N,4,COLUMBUS,5/20/2016,5,2335,6,4,2,0,4,1,0,0,0,0,0,0,0,0,0,Y,N,COLUMBUS,HIGH,,U,1,1,1,2,1,2,NT,4,3,1,35,35,1,1,,20,,,,,,,21,M,1,1,1
20166115505,2016,SR,39.977689,-82.860789,2,0,0,0,1,2,0,2,Angle,N,Y,2,2,3,N,4,N,N,N,4,COLUMBUS,8/28/2016,8,1856,1,4,2,0,1,2,0,0,0,0,0,0,0,0,0,Y,N,COLUMBUS,BROAD,58,F,1,1,1,2,1,3,LT,4,3,1,15,35,6,1,,20,,,,,,,24,F,1,1,1