DOCUMENT_NBR,CRASH_YR,NLF_ROUTE_TYPE_CD,ODOT_LATITUDE_NBR,ODOT_LONGITUDE_NBR,SEVERITY_BY_TYPE_CD,ODPS_TOTAL_FATALITIES_NBR,INCAPAC_INJURIES_NBR,NON_INCAPAC_INJURIES_NBR,POSSIBLE_INJURIES_NBR,NO_INJURY_REPORTED_NBR,UNRESTRAIN_OCCUPANTS,NUMBER_OF_UNITS_NBR,CRASH_TYPE_CD,FHWA_RDWY_DEPARTURE_IND,ODOT_INTERSECTION_REL_IND,ODOT_CRASH_LOCATION_CD,FACILITY_TYPE_CD,FUNCTIONAL_CLASS_CD,ODOT_DIV_UNDIV_IND,ODOT_LANES_NBR,FREEWAY_IND,INTERSTATE_IND,ODOT_MAINTAINED_HWY_IND,MAINTENANCE_AUTHORITY_CD,ODOT_CITY_VILLAGE_TWP_NME,CRASH_DT,MONTH_OF_CRASH,TIME_OF_CRASH,DAY_IN_WEEK_CD,WEATHER_COND_CD,ROAD_COND_PRIMARY_CD,ROAD_COND_SECONDARY_CD,LIGHT_COND_PRIMARY_CD,ROAD_CONTOUR_CD,ODPS_ALCOHOL_IND,ODPS_DRUG_IND,ODPS_SCHOOL_ZONE_IND,ODPS_MOTORCYCLE_IND,ODPS_SPEED_IND,ODPS_SENIOR_DRIVER_IND,ODPS_WORK_ZONE_IND,ODPS_LOC_IN_WORK_ZONE_CD,ODPS_TYPE_OF_WORK_ZONE_CD,ODOT_YOUNG_DRIVER_IND,DISTRACTED_DRIVER_IND,ODPS_CITY_VILLAGE_TWP_NME,ODPS_LOC_ROAD_NME,U1_AGE_NBR,U1_GENDER_CD,U1_ALCOH_DRUG_SUSPCTD_CD,U1_DISTRACTED_BY_1_CD,U1_DISTRACTED_BY_2_CD,U2_ODPS_UNIT_NBR,U2_DIRECTION_FROM_CD,U2_DIRECTION_TO_CD,U2_TURN_CD,U2_TRAFFIC_CONTROL_CD,U2_TYPE_OF_UNIT_CD,U2_SPECIAL_FUNCTION_CD,U2_UNIT_SPEED_NBR,U2_POSTED_SPEED_NBR,U2_PRECRASH_ACTION_CD,U2_CONT_CIR_PRIMARY_CD,U2_CONT_CIR_SECONDARY_CD,U2_SEQ_OF_EVENTS_1_CD,U2_SEQ_OF_EVENTS_2_CD,U2_SEQ_OF_EVENTS_3_CD,U2_SEQ_OF_EVENTS_4_CD,U2_SEQ_OF_EVENTS_5_CD,U2_SEQ_OF_EVENTS_6_CD,U2_NON_MOTORIST_LOC_CD,U2_AGE_NBR,U2_GENDER_CD,U2_ALCOH_DRUG_SUSPCTD_CD,U2_DISTRACTED_BY_1_CD,U2_DISTRACTED_BY_2_CD
20166125681,2016,MR,39.947473,-82.976632,1,0,0,0,0,4,0,2,Angle,N,Y,2,,7,N,2,N,N,N,4,COLUMBUS,9/10/2016,9,1252,7,1,1,0,1,1,0,0,0,0,0,0,0,0,0,N,N,COLUMBUS,HEYL,,U,1,1,1,2,1,2,NT,1,6,1,25,25,1,1,,20,,,,,,,47,F,1,1,1
20166125682,2016,CR,39.95517,-82.965506,1,0,0,0,0,2,0,2,Angle,N,Y,2,,7,N,2,N,N,N,4,COLUMBUS,9/22/2016,9,150,5,1,1,0,4,1,0,0,0,0,0,0,0,0,0,Y,N,COLUMBUS,FULTON,21,F,1,1,1,2,1,2,NT,1,2,1,35,35,1,1,,20,,,,,,,26,F,1,1,1
20166126044,2016,CR,40.067153,-82.97685,3,0,0,1,0,2,1,2,Rear End,N,N,1,,4,N,4,N,N,N,4,COLUMBUS,9/19/2016,9,1832,2,1,1,0,1,1,0,0,0,0,0,0,0,0,0,Y,N,COLUMBUS,KARL,25,M,1,1,1,2,2,1,NT,12,3,1,,45,11,1,,20,,,,,,,33,M,1,1,1
20166126048,2016,CR,40.06116,-82.987318,1,0,0,0,0,2,0,2,Rear End,N,Y,2,,3,Y,6,N,N,N,4,COLUMBUS,9/20/2016,9,2000,3,1,1,0,4,1,0,0,0,1,0,0,0,0,0,N,N,COLUMBUS,MORSE,,U,1,1,1,2,4,3,NT,4,9,1,,,1,1,,20,,,,,,,52,M,1,1,1
20166126049,2016,CR,40.035199,-83.016826,1,0,0,0,0,2,0,2,Angle,N,Y,2,,3,N,4,N,N,N,4,COLUMBUS,9/22/2016,9,1117,5,1,1,0,1,1,0,0,0,0,0,0,0,0,0,N,N,COLUMBUS,HIGH,46,M,1,1,1,2,3,4,NT,4,3,1,10,25,1,1,,20,,,,,,,59,F,1,1,1
20166126052,2016,CR,39.947824,-82.933055,1,0,0,0,0,6,0,2,Sideswipe - passing,N,N,1,,4,N,4,N,N,N,4,COLUMBUS,9/20/2016,9,805,3,1,1,0,1,1,0,0,0,0,0,1,0,0,0,N,N,COLUMBUS,LIVINGSTON,50,M,1,1,1,2,4,3,NT,1,2,1,,35,1,1,,20,,,,,,,78,F,1,1,1
20166126055,2016,CR,39.947341,-82.924107,3,0,0,1,0,3,0,2,Angle,N,Y,2,,4,N,4,N,N,N,4,COLUMBUS,9/22/2016,9,750,5,1,1,0,1,2,0,0,0,0,0,0,0,0,0,N,N,COLUMBUS,LIVINGSTON,61,M,1,1,1,2,2,1,NT,4,4,1,5,25,1,1,,20,,,,,,,43,M,1,1,1
20166126335,2016,CR,39.955322,-82.994807,1,0,0,0,0,2,0,2,Left Turn,N,Y,2,,3,N,4,N,N,N,4,COLUMBUS,9/9/2016,9,2330,6,1,1,0,4,1,0,0,0,0,0,0,0,0,0,Y,N,COLUMBUS,MOUND,22,M,1,1,1,2,4,3,NT,4,3,1,25,25,1,1,,20,,,,,,,41,F,1,1,1
20166126338,2016,US,39.97819,-83.000373,1,0,0,0,0,6,0,2,Angle,N,Y,2,1,3,N,2,N,N,N,4,COLUMBUS,9/10/2016,9,105,7,1,1,0,4,2,0,0,0,0,0,0,0,0,0,Y,N,COLUMBUS,WARREN,,M,1,1,1,2,4,3,NT,4,3,1,25,25,1,1,,20,,,,,,,23,M,1,1,1
20166126433,2016,US,39.911369,-82.995361,3,0,0,3,0,0,0,2,Left Turn,N,Y,3,2,3,N,4,N,N,N,4,COLUMBUS,9/22/2016,9,1211,5,1,1,0,1,1,0,0,0,0,0,1,1,1,5,N,N,COLUMBUS,HIGH,88,F,1,1,1,2,2,1,NT,12,6,1,35,45,1,1,,20,,,,,,,40,F,1,1,1
20166126442,2016,CR,40.087882,-82.835884,1,0,0,0,0,3,0,2,Angle,N,Y,2,,5,N,2,N,N,N,4,NEW ALBANY,9/18/2016,9,1920,1,2,2,0,3,1,0,0,0,0,0,0,0,0,0,Y,N,NEW ALBANY,HARLEM,21,F,1,1,1,2,1,2,NT,12,6,1,35,35,1,1,,20,,,,,,,37,F,1,1,1
20166126453,2016,CR,39.917467,-82.915871,2,0,0,0,1,2,0,3,Right Turn,N,N,1,,3,Y,4,N,N,N,4,COLUMBUS,9/21/2016,9,620,4,2,1,0,2,1,0,0,0,0,0,0,0,0,0,N,N,COLUMBUS,WINCHESTER,51,M,1,1,1,2,5,8,NT,12,5,1,25,35,1,1,,20,,,,,,,31,F,1,1,1
20166126458,2016,CR,40.073222,-82.826201,2,0,0,0,1,1,0,2,Rear End,N,N,1,,6,N,2,N,N,N,4,NEW ALBANY,9/21/2016,9,1732,4,1,1,0,1,4,0,0,0,0,0,1,0,0,0,N,N,NEW ALBANY,GREENSWARD,85,M,1,1,1,2,1,2,NT,12,6,1,,25,11,1,,20,,,,,,,71,F,1,1,1
20166126471,2016,CR,39.987508,-83.016604,1,0,0,0,0,3,0,3,Rear End,N,Y,3,,4,N,2,N,N,N,4,COLUMBUS,9/22/2016,9,1626,5,1,1,0,1,2,0,0,0,0,0,1,0,0,0,N,N,COLUMBUS,5TH,29,F,1,1,1,2,3,4,NT,12,2,1,,25,11,1,,20,,,,,,,56,M,1,1,1
20166126500,2016,MR,39.946851,-82.988381,1,0,0,0,0,1,0,2,Sideswipe - passing,N,Y,2,,7,N,2,N,N,N,4,COLUMBUS,9/23/2016,9,840,6,1,1,0,1,1,0,0,0,0,0,0,0,0,0,N,N,COLUMBUS,EBNER,60,M,1,1,1,2,1,2,NT,1,6,1,,25,10,1,,20,,,,,,,,,,,
20166126508,2016,CR,40.001495,-83.003703,1,0,0,0,0,2,0,2,Rear End,N,N,1,,7,N,2,N,N,N,4,COLUMBUS,9/3/2016,9,825,7,1,1,0,1,4,0,0,0,0,0,0,0,0,0,Y,N,COLUMBUS,INDIANOLA,,U,0,0,0,2,2,1,NT,1,3,1,,25,11,1,,20,,,,,,,22,M,1,1,1
20166126510,2016,CR,39.988855,-83.045929,1,0,0,0,0,3,0,3,Rear End,N,Y,2,,4,N,2,N,N,N,4,COLUMBUS,9/5/2016,9,1110,2,1,1,0,1,1,0,0,0,0,0,0,0,0,0,Y,N,COLUMBUS,5TH,19,F,1,1,1,2,4,3,NT,1,3,1,,25,11,1,,20,,,,,,,25,F,1,1,1
20166126534,2016,CR,39.916116,-83.017009,1,0,0,0,0,2,1,2,Rear End,N,N,1,,3,Y,4,N,N,N,4,COLUMBUS,9/23/2016,9,830,6,2,1,0,1,1,0,0,0,0,0,0,0,0,0,Y,N,COLUMBUS,FRANK,24,M,1,1,1,1,4,3,NT,1,3,1,25,45,11,9,,20,,,,,,,18,F,1,1,1
20166126552,2016,,39.897575,-82.812042,1,0,0,0,0,1,0,2,Parked Vehicle,N,N,1,2,,N,2,N,N,N,80,COLUMBUS,9/23/2016,9,0,6,1,1,0,6,1,0,0,0,0,0,0,0,0,0,N,N,COLUMBUS,RIDING,,U,1,1,1,2,3,4,NT,1,3,1,,,10,1,,20,,,,,,,,,,,
20166126575,2016,SR,39.953393,-83.017705,1,0,0,0,0,2,0,2,Rear End,N,N,1,2,2,Y,4,Y,N,N,4,COLUMBUS,9/21/2016,9,940,4,1,1,0,1,3,0,0,0,0,0,0,0,0,0,Y,N,COLUMBUS,,22,M,1,1,1,2,2,1,NT,12,7,1,50,55,1,1,,20,,,,,,,28,M,1,1,1
20166126749,2016,CR,39.987108,-83.005513,1,0,0,0,0,2,0,2,Pedalcycles,N,Y,2,,3,N,4,N,N,N,4,COLUMBUS,9/14/2016,9,1550,4,1,1,0,1,1,0,0,0,0,0,0,0,0,0,Y,N,COLUMBUS,HIGH,,U,1,1,1,2,2,1,NT,4,25,1,10,35,16,22,,20,,,,,,3,18,M,1,1,1
20166126751,2016,MR,39.9889,-83.050194,1,0,0,0,0,1,0,2,Parked Vehicle,Y,N,1,,7,N,2,N,N,N,4,COLUMBUS,9/15/2016,9,1130,5,1,1,0,1,1,0,0,0,0,0,0,0,0,0,N,N,COLUMBUS,ASHLAND,,U,1,1,1,2,2,1,NT,1,6,1,,,10,1,,20,,,,,,,,,,,
20156058276,2015,IR,39.933824,-83.123745,1,0,0,0,0,2,0,2,Sideswipe - passing,N,N,1,2,1,Y,6,Y,Y,Y,1,COLUMBUS,5/13/2015,5,1751,4,1,10,0,1,1,0,0,0,0,0,0,0,0,0,Y,N,COLUMBUS,,17,F,1,1,1,1,1,2,NT,12,17,1,60,65,1,1,,20,,,,,,,51,M,1,1,1
20156107376,2015,CR,39.943558,-82.856124,1,0,0,0,0,4,0,3,Rear End,N,N,1,,4,N,4,N,N,N,4,COLUMBUS,9/4/2015,9,1646,6,2,1,0,1,1,0,0,0,0,0,0,0,0,0,Y,N,COLUMBUS,LIVINGSTON,18,M,1,1,1,2,4,3,NT,12,6,1,5,35,11,1,,20,,,,,,,64,M,1,1,1
20156128034,2015,,39.921356,-83.014514,1,0,0,0,0,1,0,1,Fixed Object,N,N,1,2,,N,1,N,N,N,80,COLUMBUS,10/16/2015,10,2000,6,2,1,0,4,1,0,0,0,0,0,0,0,0,0,N,N,COLUMBUS,HARMON,35,M,1,1,1,,,,,,,,,,,,,,,,,,,,,,,,
20156027039,2015,MR,40.019701,-82.966724,1,0,0,0,0,4,0,2,HeadOn,N,N,1,,7,N,2,N,N,N,4,COLUMBUS,1/29/2015,1,2203,5,6,3,0,4,1,0,0,0,0,0,0,0,0,0,N,N,COLUMBUS,MINNESOTA,,U,1,1,1,1,3,4,NT,12,2,1,15,25,1,1,,20,,,,,,,40,M,1,1,1
20164016091,2016,TR,40.096105,-82.905553,1,0,0,0,0,2,0,2,Backing,N,N,1,,5,N,2,N,N,N,3,BLENDON TOWNSHIP,6/9/2016,6,940,5,1,1,9,1,1,0,0,0,0,0,0,0,0,0,N,N,BLENDON TOWNSHIP,HEMPSTEAD,57,F,1,1,1,2,4,1,LT,12,7,1,5,35,2,99,,20,,,,,,,51,M,1,1,1
20164015882,2016,TR,40.021717,-83.101926,1,0,0,0,0,3,0,2,Rear End,N,Y,1,,7,N,2,N,N,N,3,NORWICH TOWNSHIP,7/7/2016,7,959,5,1,1,9,1,1,0,0,0,0,0,0,0,0,0,N,N,NORWICH TOWNSHIP,DUBLIN,42,M,1,1,1,1,1,2,NT,12,13,22,,45,11,1,,20,,,,,,,35,M,1,1,1
20166126792,2016,CR,39.933878,-82.95056,2,0,0,0,1,2,0,3,Left Turn,N,N,1,,4,N,4,N,N,N,4,COLUMBUS,9/23/2016,9,1717,6,2,1,0,1,2,0,0,0,0,0,0,0,0,0,Y,N,COLUMBUS,FREBIS,61,M,1,1,1,2,3,4,NT,1,4,1,,,1,1,,20,,,,,,,20,M,1,1,1
20166127633,2016,IR,40.057178,-82.903594,1,0,0,0,0,2,0,2,Rear End,N,Y,2,2,1,Y,6,Y,Y,Y,1,COLUMBUS,9/25/2016,9,929,1,1,1,0,1,1,0,0,0,0,0,0,0,0,0,Y,N,COLUMBUS,MORSE,20,F,1,1,1,2,3,4,NT,4,6,1,,35,11,1,,20,,,,,,,29,M,1,1,1
20166127637,2016,CR,40.056556,-82.890314,1,0,0,0,0,2,0,2,Rear End,N,Y,2,,5,N,2,N,N,N,4,COLUMBUS,9/25/2016,9,1102,1,1,1,0,1,3,0,0,0,0,0,0,0,0,0,N,N,COLUMBUS,STYGLER,30,M,1,1,1,2,2,1,NT,4,2,1,,35,11,1,,20,,,,,,,49,M,1,1,1
20166127759,2016,CR,39.955071,-83.002817,1,0,0,0,0,2,0,2,Backing,N,Y,2,,4,N,4,N,N,N,4,COLUMBUS,9/26/2016,9,1045,2,1,1,0,1,1,0,0,0,0,0,0,0,0,0,N,N,COLUMBUS,JEWETT,54,M,1,1,1,2,1,2,NT,2,3,1,5,25,2,1,,20,,,,,,,44,F,1,1,1
20166127760,2016,SR,40.10753,-82.962269,1,0,0,0,0,1,0,1,Fixed Object,Y,N,1,2,4,N,4,N,N,N,4,COLUMBUS,9/26/2016,9,743,2,1,1,0,1,3,0,0,0,0,0,1,0,0,0,N,N,COLUMBUS,SCHROCK,69,F,1,1,1,,,,,,,,,,,,,,,,,,,,,,,,
20166127769,2016,CR,39.908817,-83.119111,1,0,0,0,0,2,0,2,HeadOn,N,Y,1,,5,N,2,N,N,N,4,COLUMBUS,9/26/2016,9,700,2,1,1,0,1,1,0,0,0,0,0,0,0,0,0,Y,N,COLUMBUS,HOLT,18,M,1,1,1,2,1,2,NT,12,7,1,25,45,1,1,,20,,,,,,,44,M,1,1,1
20166073050,2016,CR,40.112592,-83.090624,1,0,0,0,0,15,0,2,Rear End,N,Y,3,,3,Y,4,N,N,N,4,COLUMBUS,6/6/2016,6,1002,2,1,1,0,1,1,0,0,0,0,0,0,0,0,0,N,N,COLUMBUS,SAWMILL,36,M,1,1,1,2,2,1,NT,4,15,1,5,40,11,1,,20,,,,,,,64,M,1,1,1
20166073056,2016,MR,39.924827,-82.985104,1,0,0,0,0,2,0,2,Sideswipe - passing,N,Y,2,,7,N,2,N,N,N,4,COLUMBUS,6/6/2016,6,910,2,1,1,0,1,1,0,0,0,0,0,0,0,0,0,N,N,COLUMBUS,REEB,39,F,1,1,1,2,3,2,LT,1,4,1,10,25,6,1,,20,,,,,,,33,F,1,1,1
20166073092,2016,CR,39.969435,-83.00956,2,0,0,0,1,2,0,2,Angle,N,Y,2,,4,N,4,N,N,N,4,COLUMBUS,6/3/2016,6,1829,6,1,1,0,1,1,0,0,0,0,0,0,0,0,0,Y,N,COLUMBUS,NEAL,37,M,1,1,1,2,4,3,NT,4,3,1,20,25,1,1,,20,,,,,,,24,M,1,1,1
20166073097,2016,IR,40.00242,-83.118048,3,0,0,1,0,1,0,2,Rear End,N,Y,8,2,1,Y,6,Y,Y,Y,1,COLUMBUS,6/6/2016,6,1124,2,1,1,0,1,2,0,0,0,0,0,0,0,0,0,N,N,COLUMBUS,,59,M,1,1,1,2,8,5,NT,4,6,1,,35,11,1,,20,,,,,,,58,F,1,1,1
20166073101,2016,IR,40.008274,-82.892478,1,0,0,0,0,2,0,2,Sideswipe - passing,N,N,1,2,1,Y,6,Y,Y,Y,1,GAHANNA,5/23/2016,5,1730,2,1,1,0,1,1,0,0,0,0,0,0,0,0,0,N,N,GAHANNA,IR 270 NB,48,M,1,1,1,2,3,4,NT,1,7,1,40,65,1,21,,20,,,,,,,51,M,1,1,1
20166072068,2016,CR,39.987214,-83.008301,3,0,0,1,0,3,1,3,Rear End,N,N,1,,4,N,4,N,N,N,4,COLUMBUS,6/3/2016,6,1221,6,2,1,0,1,1,0,0,0,0,1,0,0,0,0,Y,N,COLUMBUS,5TH,25,M,1,1,1,2,3,4,NT,12,6,1,,25,11,1,,20,,,,,,,25,F,1,1,1
20166128501,2016,MR,39.93467,-82.963173,1,0,0,0,0,3,0,2,Backing,N,N,1,,7,N,2,N,N,N,4,COLUMBUS,9/24/2016,9,2040,7,1,1,0,5,1,0,0,0,0,0,0,0,0,0,Y,N,COLUMBUS,MILLER,19,F,1,1,1,2,1,2,NT,1,3,1,,25,10,1,,20,,,,,,,,,,,
20166128502,2016,MR,39.945417,-82.97795,1,0,0,0,0,2,0,2,Parked Vehicle,Y,N,1,,7,N,2,N,N,N,4,COLUMBUS,9/23/2016,9,1836,6,1,1,0,9,1,0,0,0,0,0,0,0,0,0,N,N,COLUMBUS,18TH,,U,1,1,1,2,2,1,NT,1,3,1,,25,10,1,,20,,,,,,,,,,,
20166128503,2016,CR,39.938569,-82.971012,2,0,0,0,1,2,0,2,Angle,N,Y,2,,5,N,2,N,N,N,4,COLUMBUS,9/23/2016,9,1725,6,1,1,0,1,1,0,0,0,0,0,0,0,0,0,N,N,COLUMBUS,THURMAN,58,F,1,1,1,2,3,4,NT,1,4,1,35,35,1,1,,20,,,,,,,54,F,1,1,1
20166128732,2016,IR,40.02454,-82.994663,1,0,0,0,0,2,0,2,Rear End,N,N,1,2,1,Y,6,Y,Y,N,1,COLUMBUS,9/26/2016,9,801,2,1,1,0,1,1,0,0,0,0,0,0,0,0,0,N,N,COLUMBUS,,26,M,1,1,1,2,1,2,NT,12,21,4,45,65,11,1,,20,,,,,,,52,M,1,1,1
20166128734,2016,SR,40.029417,-83.031749,1,0,0,0,0,2,0,2,Sideswipe - passing,N,N,1,2,2,Y,6,Y,N,N,4,COLUMBUS,9/27/2016,9,653,3,1,1,0,4,4,0,0,0,0,0,1,0,0,0,Y,N,COLUMBUS,,20,M,1,1,1,2,2,1,NT,12,7,1,55,65,11,1,,13,20,,,,,,67,M,1,1,1
20166128735,2016,SR,40.08034,-82.879553,1,0,0,0,0,2,0,2,Rear End,N,N,1,2,2,Y,6,Y,N,N,4,COLUMBUS,9/26/2016,9,654,2,1,1,0,4,2,0,0,0,0,0,0,0,0,0,N,N,COLUMBUS,,34,M,1,1,1,2,3,4,NT,12,3,1,,55,11,1,,20,,,,,,,46,F,1,1,1
20166072069,2016,MR,40.019566,-82.967695,1,0,0,0,0,2,0,2,Sideswipe - passing,N,N,1,,7,N,2,N,N,N,4,COLUMBUS,5/31/2016,5,1237,3,1,1,0,1,1,0,0,0,0,0,0,0,0,0,Y,N,COLUMBUS,GREENWICH,23,F,1,1,1,2,2,1,NT,2,3,1,25,25,1,1,,20,,,,,,,30,M,1,1,1
20166072070,2016,MR,40.024323,-82.988452,1,0,0,0,0,1,0,2,Sideswipe - passing,N,N,1,,7,N,2,N,N,N,4,COLUMBUS,6/1/2016,6,950,4,1,1,0,1,1,0,0,0,0,0,0,0,0,0,N,N,COLUMBUS,PONTIAC,,U,1,1,1,2,1,2,NT,2,7,1,,25,10,1,,20,,,,,,,,,,,
20166072075,2016,IR,40.061732,-82.997744,1,0,0,0,0,1,0,1,Fixed Object,Y,N,1,2,1,Y,6,Y,Y,N,1,COLUMBUS,6/3/2016,6,1635,6,1,1,0,1,3,0,0,0,0,0,0,0,0,0,N,N,COLUMBUS,,57,F,1,1,1,,,,,,,,,,,,,,,,,,,,,,,,
20166072166,2016,US,39.956847,-83.045193,2,0,0,0,1,1,0,2,Pedalcycles,N,Y,8,2,3,N,4,N,N,N,4,COLUMBUS,6/3/2016,6,2148,6,1,1,0,4,1,0,0,0,0,0,0,0,0,0,N,N,COLUMBUS,BROAD,,U,1,1,1,2,3,4,NT,12,25,1,10,45,99,30,,15,,,,,,7,41,M,1,1,1
20166072233,2016,CR,39.984825,-82.920268,3,0,0,2,0,1,1,2,Sideswipe - passing,N,Y,2,,4,N,4,N,N,N,4,COLUMBUS,5/26/2016,5,2130,5,1,1,0,5,1,0,0,0,0,1,0,0,0,0,N,N,COLUMBUS,6TH,,U,1,1,1,2,3,4,NT,1,6,1,12,35,1,1,,20,,,,,,,55,F,1,1,1
20166072251,2016,CR,39.943394,-83.079425,1,0,0,0,0,2,0,2,Sideswipe - passing,N,N,1,,4,N,2,N,N,N,4,COLUMBUS,6/4/2016,6,1900,7,2,1,0,1,1,0,0,0,0,0,0,0,0,0,Y,N,COLUMBUS,SULLIVANT,33,M,1,1,1,2,3,4,NT,1,3,1,30,35,1,1,,20,,,,,,,21,F,1,1,1
20166128736,2016,IR,40.110424,-82.980048,1,0,0,0,0,2,0,2,Sideswipe - passing,N,N,1,2,1,Y,8,Y,Y,Y,1,COLUMBUS,9/26/2016,9,1202,2,4,1,0,1,3,0,0,0,0,0,0,0,0,0,Y,N,COLUMBUS,,22,F,1,1,1,2,3,4,NT,12,3,1,65,65,1,1,,20,,,,,,,20,F,1,1,1
20166128737,2016,IR,40.110537,-82.982856,1,0,0,0,0,2,0,2,Rear End,N,N,1,2,1,Y,8,Y,Y,Y,1,COLUMBUS,9/26/2016,9,751,2,1,1,0,1,1,0,0,0,0,0,0,0,0,0,Y,N,COLUMBUS,,35,M,1,1,1,2,4,3,NT,12,6,1,,65,11,1,,20,,,,,,,22,F,1,1,1
20166128739,2016,IR,40.067395,-82.9932,1,0,0,0,0,3,0,2,Rear End,N,N,1,2,1,Y,6,Y,Y,Y,1,COLUMBUS,9/27/2016,9,854,3,1,1,0,1,1,0,0,0,0,0,0,0,0,0,N,N,COLUMBUS,,37,M,1,1,1,2,1,2,NT,12,7,1,,65,11,1,,20,,,,,,,41,M,1,1,1
20166128741,2016,CR,39.950864,-82.94414,1,0,0,0,0,2,0,2,Sideswipe - passing,N,N,1,,4,N,4,N,N,N,4,COLUMBUS,9/23/2016,9,1316,6,2,1,0,1,1,0,0,0,0,0,0,0,0,0,N,N,COLUMBUS,ALUM CREEK,36,M,1,1,1,2,2,1,NT,12,17,1,,45,11,1,,20,,,,,,,55,F,1,1,1
20166128743,2016,SR,39.97506,-83.021162,1,0,0,0,0,3,0,2,Rear End,N,N,1,2,2,Y,4,Y,N,N,4,COLUMBUS,9/27/2016,9,1700,3,1,1,0,1,1,0,0,0,0,0,0,0,0,0,Y,N,COLUMBUS,,46,M,1,1,1,2,1,2,NT,12,3,1,51,55,11,1,,20,,,,,,,17,M,1,1,1
20166128744,2016,IR,39.977026,-82.9931,1,0,0,0,0,4,0,4,Rear End,N,N,1,2,1,N,6,Y,Y,Y,1,COLUMBUS,9/21/2016,9,1640,4,1,1,0,1,2,0,0,0,0,0,0,0,0,0,N,N,COLUMBUS,,29,F,1,1,1,2,3,4,NT,12,6,1,,55,11,1,,20,,,,,,,57,F,1,1,1
20166128929,2016,,40.05713,-82.84944,1,0,0,0,0,1,0,2,Sideswipe - passing,N,N,1,2,,N,2,N,N,N,80,COLUMBUS,9/27/2016,9,100,3,1,1,0,4,1,0,0,0,0,0,0,0,0,0,N,N,COLUMBUS,PRESERVE CROSSING,,U,1,1,1,2,1,2,NT,1,7,1,,,10,1,,20,,,,,,,,,,,
20166129381,2016,CR,40.011004,-82.938305,3,0,0,1,0,2,0,2,Angle,N,N,1,,4,N,2,N,N,N,4,COLUMBUS,9/28/2016,9,2250,4,4,2,0,5,1,0,0,0,0,0,0,0,0,0,Y,N,COLUMBUS,MOCK,27,M,1,1,1,2,3,4,NT,12,2,1,20,35,1,1,,20,,,,,,,25,F,1,1,1
20166129383,2016,SR,40.083671,-82.854121,3,0,0,1,1,0,0,2,Left Turn,N,Y,2,2,2,Y,5,Y,N,N,4,COLUMBUS,9/15/2016,9,2122,5,1,1,0,4,1,0,0,0,0,0,0,0,0,0,Y,N,COLUMBUS,,18,M,1,1,1,2,1,2,NT,4,5,1,45,45,1,1,,20,40,,,,,,53,F,1,1,1
20166147505,2016,CR,39.98574,-82.972277,3,0,0,1,0,1,0,2,Rear End,N,N,1,,4,Y,4,N,N,N,4,COLUMBUS,10/27/2016,10,1225,5,2,1,0,1,2,0,0,0,0,0,0,0,0,0,Y,N,COLUMBUS,5TH,19,M,1,1,1,2,4,3,NT,1,3,1,5,35,11,1,,20,,,,,,,28,F,1,1,1
20166147506,2016,SR,40.087371,-82.981884,1,0,0,0,0,4,0,2,HeadOn,N,N,1,2,3,Y,4,N,N,N,4,COLUMBUS,10/25/2016,10,2100,3,2,1,0,4,1,0,0,0,0,0,0,0,0,0,N,Y,COLUMBUS,DUBLIN GRANVILLE,,F,1,2,1,2,4,3,NT,1,5,1,10,25,1,1,,20,,,,,,,43,F,1,1,1
20166147507,2016,CR,39.985553,-82.938457,1,0,0,0,0,2,0,2,Rear End,N,Y,8,,4,N,4,N,N,N,4,COLUMBUS,10/24/2016,10,944,2,1,1,0,1,1,0,0,0,0,0,0,0,0,0,N,N,COLUMBUS,670TH,49,F,1,1,1,2,4,3,NT,5,3,1,,45,11,1,,20,,,,,,,44,M,1,1,1
20166072496,2016,IR,40.113307,-82.975718,1,0,0,0,0,2,0,2,Sideswipe - passing,N,N,1,2,1,Y,6,Y,Y,Y,1,COLUMBUS,5/28/2016,5,1806,7,1,2,0,1,1,0,0,0,0,1,0,0,0,0,Y,N,COLUMBUS,,23,M,1,1,1,2,4,1,LT,12,15,1,50,65,13,1,,20,,,,,,,42,M,1,1,1
20166072498,2016,CR,39.915031,-82.87175,3,0,0,1,0,3,0,2,Left Turn,N,Y,3,,4,N,4,N,N,N,4,COLUMBUS,6/4/2016,6,1731,7,4,2,0,1,1,0,0,0,0,0,0,0,0,0,Y,N,COLUMBUS,REFUGEE,19,M,1,1,1,2,3,4,NT,1,6,1,35,35,1,1,,20,,,,,,,55,M,1,1,1