DOCUMENT_NBR,CRASH_YR,NLF_ROUTE_TYPE_CD,ODOT_LATITUDE_NBR,ODOT_LONGITUDE_NBR,SEVERITY_BY_TYPE_CD,ODPS_TOTAL_FATALITIES_NBR,INCAPAC_INJURIES_NBR,NON_INCAPAC_INJURIES_NBR,POSSIBLE_INJURIES_NBR,NO_INJURY_REPORTED_NBR,UNRESTRAIN_OCCUPANTS,NUMBER_OF_UNITS_NBR,CRASH_TYPE_CD,FHWA_RDWY_DEPARTURE_IND,ODOT_INTERSECTION_REL_IND,ODOT_CRASH_LOCATION_CD,FACILITY_TYPE_CD,FUNCTIONAL_CLASS_CD,ODOT_DIV_UNDIV_IND,ODOT_LANES_NBR,FREEWAY_IND,INTERSTATE_IND,ODOT_MAINTAINED_HWY_IND,MAINTENANCE_AUTHORITY_CD,ODOT_CITY_VILLAGE_TWP_NME,CRASH_DT,MONTH_OF_CRASH,TIME_OF_CRASH,DAY_IN_WEEK_CD,WEATHER_COND_CD,ROAD_COND_PRIMARY_CD,ROAD_COND_SECONDARY_CD,LIGHT_COND_PRIMARY_CD,ROAD_CONTOUR_CD,ODPS_ALCOHOL_IND,ODPS_DRUG_IND,ODPS_SCHOOL_ZONE_IND,ODPS_MOTORCYCLE_IND,ODPS_SPEED_IND,ODPS_SENIOR_DRIVER_IND,ODPS_WORK_ZONE_IND,ODPS_LOC_IN_WORK_ZONE_CD,ODPS_TYPE_OF_WORK_ZONE_CD,ODOT_YOUNG_DRIVER_IND,DISTRACTED_DRIVER_IND,ODPS_CITY_VILLAGE_TWP_NME,ODPS_LOC_ROAD_NME,U1_AGE_NBR,U1_GENDER_CD,U1_ALCOH_DRUG_SUSPCTD_CD,U1_DISTRACTED_BY_1_CD,U1_DISTRACTED_BY_2_CD,U2_ODPS_UNIT_NBR,U2_DIRECTION_FROM_CD,U2_DIRECTION_TO_CD,U2_TURN_CD,U2_TRAFFIC_CONTROL_CD,U2_TYPE_OF_UNIT_CD,U2_SPECIAL_FUNCTION_CD,U2_UNIT_SPEED_NBR,U2_POSTED_SPEED_NBR,U2_PRECRASH_ACTION_CD,U2_CONT_CIR_PRIMARY_CD,U2_CONT_CIR_SECONDARY_CD,U2_SEQ_OF_EVENTS_1_CD,U2_SEQ_OF_EVENTS_2_CD,U2_SEQ_OF_EVENTS_3_CD,U2_SEQ_OF_EVENTS_4_CD,U2_SEQ_OF_EVENTS_5_CD,U2_SEQ_OF_EVENTS_6_CD,U2_NON_MOTORIST_LOC_CD,U2_AGE_NBR,U2_GENDER_CD,U2_ALCOH_DRUG_SUSPCTD_CD,U2_DISTRACTED_BY_1_CD,U2_DISTRACTED_BY_2_CD
20166072499,2016,CR,39.942495,-82.837614,3,0,0,1,0,1,0,2,Left Turn,N,Y,3,,4,N,4,N,N,N,4,COLUMBUS,6/4/2016,6,1558,7,1,1,0,1,1,0,0,0,0,0,0,0,0,0,Y,N,COLUMBUS,LIVINGSTON,58,F,1,1,1,2,3,4,NT,4,3,1,,,1,1,,20,,,,,,,24,M,1,1,1
20166072559,2016,CR,40.063223,-82.916181,1,0,0,0,0,5,0,2,Rear End,N,N,1,,4,N,2,N,N,N,4,COLUMBUS,6/5/2016,6,1642,1,1,2,0,1,1,0,0,0,0,0,0,0,0,0,Y,N,COLUMBUS,SUNBURY,23,M,1,1,1,2,5,8,NT,12,6,1,,45,11,1,,20,,,,,,,36,F,1,1,1
20166072561,2016,CR,40.058692,-82.935332,1,0,0,0,0,2,0,2,Rear End,N,N,1,,3,N,4,N,N,N,4,COLUMBUS,6/5/2016,6,1620,1,2,2,0,1,1,0,0,0,0,0,0,0,0,0,N,N,COLUMBUS,MORSE,37,M,1,1,1,2,3,4,NT,12,3,1,,45,11,1,,20,,,,,,,27,M,1,1,1
20166073239,2016,SR,39.984126,-83.021938,3,0,0,1,0,1,0,2,Rear End,N,N,1,2,2,Y,6,Y,N,N,4,COLUMBUS,6/6/2016,6,1526,2,1,1,0,1,4,0,0,0,0,0,0,0,0,0,N,N,COLUMBUS,,43,M,1,1,1,2,1,2,NT,12,6,1,15,55,11,1,,20,,,,,,,37,M,1,1,1
20166073278,2016,IR,39.952621,-83.0112,2,0,0,0,1,0,1,1,Fixed Object,Y,N,1,2,1,N,6,Y,Y,Y,1,COLUMBUS,6/6/2016,6,2040,2,2,1,0,1,1,0,0,0,0,0,0,1,1,1,Y,N,COLUMBUS,,23,F,1,1,1,,,,,,,,,,,,,,,,,,,,,,,,
20166073280,2016,CR,39.890836,-82.974536,1,0,0,0,0,2,0,2,Right Turn,N,Y,2,,4,N,2,N,N,N,4,COLUMBUS,6/3/2016,6,1402,6,2,1,0,1,1,0,0,0,0,0,1,0,0,0,N,N,COLUMBUS,WILLIAMS,86,F,1,1,1,2,3,4,NT,12,3,1,,35,11,1,,20,,,,,,,55,F,1,1,1
20166073467,2016,CR,39.938906,-82.978116,3,0,0,3,0,0,0,2,Angle,N,Y,2,,5,N,2,N,N,N,4,COLUMBUS,6/6/2016,6,1305,2,1,1,0,1,1,0,0,0,0,0,0,0,0,0,Y,N,COLUMBUS,18TH,23,F,1,1,1,2,3,4,NT,12,3,1,35,35,1,1,,20,,,,,,,36,M,1,1,1
20166073856,2016,CR,39.986856,-82.999555,1,0,0,0,0,3,0,2,Angle,N,Y,2,,4,N,4,N,N,N,4,COLUMBUS,6/4/2016,6,1848,7,2,1,0,1,1,0,0,0,0,1,0,0,0,0,Y,N,COLUMBUS,4TH,20,M,1,1,1,2,2,4,LT,4,3,1,10,35,6,1,,20,,,,,,,21,M,1,1,1
20166073857,2016,SR,40.006314,-83.030765,1,0,0,0,0,5,0,2,Rear End,N,Y,2,2,2,Y,6,Y,N,N,4,COLUMBUS,6/5/2016,6,1756,1,2,1,0,1,1,0,0,0,0,0,0,0,0,0,Y,N,COLUMBUS,LANE,44,M,1,1,1,2,3,4,NT,4,6,1,2,35,11,1,,20,,,,,,,23,F,1,1,1
20166073859,2016,CR,39.98901,-83.049072,1,0,0,0,0,2,0,2,Rear End,N,Y,1,,4,N,2,N,N,N,4,COLUMBUS,6/3/2016,6,1514,6,2,1,0,1,1,0,0,0,0,0,0,0,0,0,Y,N,COLUMBUS,5TH,28,M,1,1,1,2,4,3,NT,4,3,1,,25,11,1,,20,,,,,,,22,F,1,1,1
20166073860,2016,SR,39.997939,-83.026242,1,0,0,0,0,4,0,2,Rear End,N,N,1,2,2,Y,6,Y,N,N,4,COLUMBUS,6/5/2016,6,1440,1,4,2,0,1,3,0,0,0,0,1,0,0,0,0,N,N,COLUMBUS,,39,M,1,1,1,2,1,2,NT,12,6,1,50,55,1,1,,20,,,,,,,31,M,1,1,1
20166073862,2016,CR,39.990866,-83.025975,1,0,0,0,0,2,0,2,Rear End,N,Y,2,,4,Y,4,N,N,N,4,COLUMBUS,6/3/2016,6,1732,6,1,1,0,1,1,0,0,0,0,0,0,0,0,0,Y,N,COLUMBUS,OLENTANGY RIVER,20,F,1,1,1,2,1,3,LT,4,6,1,,35,6,1,,20,,,,,,,24,F,1,1,1
20166073863,2016,CR,39.990848,-83.025083,1,0,0,0,0,3,0,3,Rear End,N,N,1,,5,N,4,N,N,N,4,COLUMBUS,6/4/2016,6,1811,7,4,2,0,1,1,0,0,0,0,1,0,0,0,0,Y,N,COLUMBUS,KING,22,M,1,1,1,2,4,3,NT,12,3,1,,25,11,1,,20,20,,,,,,24,F,1,1,1
20166073869,2016,IR,40.01483,-82.994056,1,0,0,0,0,4,1,3,Rear End,N,N,1,2,1,Y,6,Y,Y,N,1,COLUMBUS,6/6/2016,6,1642,2,1,1,0,1,1,0,0,0,0,0,0,0,0,0,N,N,COLUMBUS,,45,M,1,1,1,2,2,1,NT,12,3,1,,65,11,1,,20,20,,,,,,28,M,1,1,1
20166073870,2016,IR,40.01483,-82.994056,1,0,0,0,0,3,0,2,Rear End,N,N,1,2,1,Y,6,Y,Y,N,1,COLUMBUS,6/6/2016,6,1642,2,1,1,0,1,1,0,0,0,0,0,1,0,0,0,N,N,COLUMBUS,,65,M,1,1,1,2,2,1,NT,12,3,1,,65,11,1,,20,,,,,,,28,M,1,1,1
20166073871,2016,SR,39.984126,-83.021938,1,0,0,0,0,2,0,2,Sideswipe - passing,N,N,1,2,2,Y,6,Y,N,N,4,COLUMBUS,6/6/2016,6,1534,2,1,1,0,1,4,0,0,0,0,1,1,0,0,0,N,N,COLUMBUS,,79,M,1,1,1,2,1,2,NT,12,7,1,65,55,1,1,,20,,,,,,,48,F,1,1,1
20166073905,2016,MR,39.960018,-82.953926,1,0,0,0,0,1,0,2,Sideswipe - passing,N,Y,3,,7,N,2,N,N,N,4,COLUMBUS,5/27/2016,5,1913,6,1,1,0,1,1,0,0,0,0,0,0,0,0,0,N,Y,COLUMBUS,STODDART,,M,1,2,1,2,2,1,NT,1,3,1,,25,10,1,,20,,,,,,,,,,,
20166073907,2016,CR,39.875808,-82.96908,3,0,0,2,0,0,0,2,Rear End,N,Y,3,,4,N,2,N,N,N,4,COLUMBUS,6/7/2016,6,1720,3,1,1,0,1,1,0,0,0,0,1,0,0,0,0,N,Y,COLUMBUS,LOCKBOURNE,27,M,1,4,1,2,1,3,LT,12,6,1,,45,11,1,,20,,,,,,,43,F,1,1,1
20166073913,2016,CR,39.932302,-82.964613,1,0,0,0,0,1,0,2,Parked Vehicle,Y,N,1,,4,N,2,N,N,N,4,COLUMBUS,6/1/2016,6,1455,4,1,1,0,1,1,0,0,0,0,0,0,0,0,0,N,N,COLUMBUS,LOCKBOURNE,,U,1,1,1,2,4,3,NT,1,3,1,,25,10,1,,99,,,,,,,,,,,
20166073914,2016,IR,39.959405,-82.982556,1,0,0,0,0,4,0,2,Rear End,N,N,1,2,1,Y,5,Y,Y,Y,1,COLUMBUS,6/4/2016,6,2122,7,4,2,0,4,1,0,0,0,0,0,0,0,0,0,Y,N,COLUMBUS,,19,F,1,1,1,2,1,2,NT,12,6,1,,55,11,1,,20,,,,,,,45,M,1,1,1
20166073915,2016,US,39.965734,-82.970244,1,0,0,0,0,3,0,2,Sideswipe - passing,N,Y,3,2,3,N,4,N,N,N,4,COLUMBUS,5/28/2016,5,1615,7,4,2,0,1,1,0,0,0,0,0,0,0,0,0,Y,N,COLUMBUS,OHIO,,U,1,1,1,2,1,3,LT,12,3,1,10,35,6,1,,20,,,,,,,21,F,1,1,1
20166073920,2016,SR,40.019522,-82.965002,3,0,0,1,0,1,0,2,Angle,N,Y,2,2,4,N,4,N,N,N,4,COLUMBUS,6/7/2016,6,1814,3,1,1,0,1,1,0,0,0,0,1,0,0,0,0,Y,N,COLUMBUS,MINNESOTA,22,M,1,1,1,2,4,3,NT,1,6,1,30,25,1,1,,20,,,,,,,23,M,1,1,1
20166074413,2016,SR,40.087903,-82.99291,3,0,0,1,0,1,0,2,Pedalcycles,N,Y,2,2,4,N,4,N,N,N,4,COLUMBUS,6/7/2016,6,2016,3,1,1,0,1,1,0,0,0,0,0,0,0,0,0,N,N,COLUMBUS,NORTHMEADOWS,,M,1,1,1,2,4,3,NT,4,25,1,,,21,22,,20,,,,,,1,27,M,1,1,1
20166074415,2016,CR,39.931252,-83.147512,3,0,0,1,0,1,0,2,Rear End,N,Y,3,,5,N,2,N,N,N,4,COLUMBUS,6/8/2016,6,1736,4,1,1,0,1,1,0,0,0,0,0,0,0,0,0,N,Y,COLUMBUS,HALL,46,F,1,6,1,2,3,4,NT,1,6,1,,45,11,1,,20,,,,,,,45,F,1,1,1
20166074416,2016,US,39.94864,-82.949054,3,0,0,2,0,4,0,4,Left Turn,N,Y,3,2,3,N,4,N,N,N,4,COLUMBUS,6/1/2016,6,1616,4,1,1,0,1,1,0,0,0,0,0,1,0,0,0,Y,N,COLUMBUS,LIVINGSTON,31,M,1,1,1,2,3,4,NT,12,3,1,35,35,1,1,,20,,,,,,,25,M,1,1,1
20166074430,2016,IR,39.952621,-83.0112,4,0,1,0,0,3,1,2,Sideswipe - passing,Y,N,1,2,1,N,6,Y,Y,Y,1,COLUMBUS,5/21/2016,5,1553,7,4,2,0,1,4,0,0,0,0,1,0,0,0,0,N,N,COLUMBUS,,47,F,1,1,1,2,3,4,NT,1,6,1,40,55,1,1,,20,,,,,,,36,F,1,1,1
20166074778,2016,US,39.946273,-82.997569,1,0,0,0,0,2,0,2,Sideswipe - passing,N,N,1,2,3,N,4,N,N,N,4,COLUMBUS,6/9/2016,6,900,5,1,1,0,1,1,0,0,0,0,0,0,0,0,0,N,N,COLUMBUS,HIGH,32,F,1,1,1,2,2,1,NT,1,2,1,35,35,1,1,,20,,,,,,,55,F,1,1,1
20166074780,2016,MR,40.003228,-83.139013,2,0,0,0,1,2,0,2,Right Turn,N,Y,2,,5,N,2,N,N,N,4,COLUMBUS,6/9/2016,6,1157,5,1,1,0,1,1,0,0,0,0,0,1,0,0,0,Y,N,COLUMBUS,WALCUTT,77,M,1,1,1,2,2,1,NT,4,1,1,45,45,1,1,,20,,,,,,,18,M,1,1,1
20166074784,2016,CR,39.94289,-83.08958,2,0,0,0,1,1,0,2,Sideswipe - passing,N,Y,2,,4,N,2,N,N,N,4,COLUMBUS,5/27/2016,5,2129,6,1,1,0,4,1,0,0,0,0,1,0,0,0,0,N,N,COLUMBUS,SULLIVANT,,M,1,1,1,2,4,3,NT,4,8,1,5,35,1,1,,20,,,,,,,57,F,1,1,1
20166074785,2016,CR,39.995444,-83.114062,2,0,0,0,1,0,0,1,Backing,Y,N,1,,4,N,2,N,N,N,4,COLUMBUS,6/8/2016,6,1326,4,1,1,0,1,1,0,0,0,0,0,0,0,0,0,N,N,COLUMBUS,WINDING OAKS,37,F,1,1,1,,,,,,,,,,,,,,,,,,,,,,,,
20166074800,2016,MR,40.018939,-82.94776,1,0,0,0,0,1,1,1,Fixed Object,Y,Y,2,,7,N,2,N,N,N,4,COLUMBUS,6/4/2016,6,730,7,2,2,0,1,1,0,0,0,0,0,0,0,0,0,N,N,COLUMBUS,BRENTNELL,,U,1,1,1,,,,,,,,,,,,,,,,,,,,,,,,
20166074813,2016,CR,40.022745,-82.964741,1,0,0,0,0,1,0,1,Fixed Object,Y,Y,1,,4,N,4,N,N,N,4,COLUMBUS,6/7/2016,6,1356,3,2,1,0,1,1,0,0,0,0,0,0,0,0,0,N,N,COLUMBUS,WEBER,,U,1,1,1,,,,,,,,,,,,,,,,,,,,,,,,
20166074815,2016,CR,40.056327,-82.886279,1,0,0,0,0,4,0,3,Rear End,N,Y,1,,3,N,4,N,N,N,4,COLUMBUS,6/8/2016,6,1621,4,1,1,0,1,1,0,0,0,0,0,0,0,0,0,N,N,COLUMBUS,MORSE,61,F,1,1,1,2,4,3,NT,4,3,1,35,45,1,1,,20,20,,,,,,36,M,1,1,1
20166074817,2016,CR,40.036986,-82.910047,1,0,0,0,0,2,0,2,Rear End,N,Y,1,,4,N,4,N,N,N,4,COLUMBUS,6/8/2016,6,1713,4,1,1,0,1,1,0,0,0,0,0,0,0,0,0,Y,N,COLUMBUS,STELZER,18,F,1,1,1,2,1,2,NT,4,6,1,10,40,11,1,,20,,,,,,,29,F,1,1,1
20166074931,2016,CR,39.960713,-82.948148,2,0,0,0,1,1,0,2,Rear End,N,Y,1,,4,N,2,N,N,N,4,COLUMBUS,6/9/2016,6,1706,5,1,1,0,1,1,0,0,0,0,0,0,0,0,0,N,N,COLUMBUS,NELSON,37,F,1,1,1,2,1,2,NT,12,6,1,10,35,11,1,,20,,,,,,,56,F,1,1,1
20166074932,2016,CR,40.057614,-82.910529,1,0,0,0,0,6,0,2,Rear End,N,Y,1,,4,Y,4,N,N,N,4,COLUMBUS,6/9/2016,6,1358,5,1,1,0,1,1,0,0,0,0,0,0,0,0,0,N,N,COLUMBUS,STELZER,50,F,1,1,1,2,1,2,NT,4,3,1,,35,11,1,,20,,,,,,,34,M,1,1,1
20166074937,2016,MR,40.01949,-82.959588,1,0,0,0,0,1,0,2,Sideswipe - passing,N,N,1,,7,N,2,N,N,N,4,COLUMBUS,6/9/2016,6,1050,5,1,1,0,1,1,0,0,0,0,0,0,0,0,0,N,N,COLUMBUS,MINNESOTA,,U,1,1,1,2,3,4,NT,1,6,1,,25,10,1,,20,,,,,,,,,,,
20166074939,2016,RA,39.976528,-83.118854,1,0,0,0,0,2,0,2,Rear End,N,N,1,4,1,N,,Y,Y,Y,1,COLUMBUS,6/9/2016,6,2043,5,1,1,0,1,1,0,0,0,0,0,0,0,0,0,Y,Y,COLUMBUS,I 70,,U,1,7,1,2,3,4,NT,12,4,1,,,1,1,,20,,,,,,,23,F,1,1,1
20166074940,2016,CR,39.977387,-83.101458,2,0,0,0,2,2,0,2,Right Turn,N,Y,3,,4,N,2,N,N,N,4,COLUMBUS,6/9/2016,6,1750,5,1,1,0,1,1,0,0,0,0,0,0,0,0,0,Y,Y,COLUMBUS,WILSON,20,F,1,7,1,2,2,1,NT,12,6,1,,,1,1,,20,,,,,,,45,M,1,1,1
20166074941,2016,MR,40.099246,-82.976124,1,0,0,0,0,1,0,2,Parked Vehicle,Y,N,1,,7,N,2,N,N,N,4,COLUMBUS,6/9/2016,6,2040,5,1,1,0,3,1,0,0,0,0,0,1,0,0,0,N,N,COLUMBUS,DOBSON,69,M,1,1,1,2,1,2,NT,1,2,1,,,10,1,,20,,,,,,,,,,,
20166074943,2016,MR,40.100548,-82.949905,1,0,0,0,0,2,0,2,Rear End,N,Y,2,,7,N,2,N,N,N,4,COLUMBUS,6/9/2016,6,1618,5,2,1,0,1,1,0,0,0,0,0,0,0,0,0,Y,N,COLUMBUS,COMMUNITY PARK,45,M,1,1,1,2,3,1,RT,4,3,1,,45,5,1,,20,,,,,,,21,M,1,1,1
20166075186,2016,CR,40.065255,-82.976999,1,0,0,0,0,5,0,2,Rear End,N,Y,1,,4,N,4,N,N,N,4,COLUMBUS,6/7/2016,6,1136,3,2,1,0,1,1,0,0,0,0,0,0,0,0,0,N,N,COLUMBUS,KARL,57,F,1,1,1,2,1,2,NT,4,5,1,35,35,1,1,,20,,,,,,,37,F,1,1,1
20166075190,2016,CR,40.01864,-82.911489,3,0,0,1,0,0,0,1,Fixed Object,Y,Y,3,,4,N,2,N,N,N,4,COLUMBUS,6/10/2016,6,816,6,1,1,0,1,1,0,0,0,0,0,0,0,0,0,Y,N,COLUMBUS,STELZER,20,M,1,1,1,,,,,,,,,,,,,,,,,,,,,,,,
20166075260,2016,CR,39.990689,-83.020885,1,0,0,0,0,3,0,2,Rear End,N,Y,1,,5,N,4,N,N,N,4,COLUMBUS,6/10/2016,6,1207,6,2,1,0,1,1,0,0,0,0,0,0,0,0,0,Y,Y,COLUMBUS,KING,22,M,1,2,1,2,4,3,NT,4,6,1,,30,11,1,,20,,,,,,,23,F,1,1,1
20166147510,2016,MR,39.974264,-82.961038,1,0,0,0,0,1,0,2,Parked Vehicle,Y,N,1,,7,N,2,N,N,N,4,COLUMBUS,10/29/2016,10,1240,7,1,1,0,1,1,0,0,0,0,0,1,0,0,0,N,N,COLUMBUS,GREENWAY,82,M,1,1,1,2,3,4,NT,12,6,1,,25,10,1,,20,,,,,,,,,,,
20166147512,2016,CR,39.974273,-82.961223,2,0,0,0,1,20,0,2,Rear End,N,Y,2,,5,N,2,N,N,N,4,COLUMBUS,10/27/2016,10,800,5,4,2,0,2,1,0,0,0,0,0,0,0,0,0,N,N,COLUMBUS,TAYLOR,35,F,1,1,1,2,1,3,LT,4,6,1,,25,11,1,,20,,,,,,,51,F,1,1,1
20166147513,2016,MR,39.98575,-82.907654,1,0,0,0,0,2,0,2,Sideswipe - passing,N,N,1,,7,N,2,N,N,N,4,COLUMBUS,10/28/2016,10,1000,6,1,1,0,1,4,0,0,0,0,0,1,0,0,0,N,N,COLUMBUS,7TH,77,M,1,1,1,2,3,4,NT,1,3,1,10,35,1,1,,20,,,,,,,53,F,1,1,1
20166147514,2016,IR,39.968307,-83.022931,1,0,0,0,0,2,0,2,Sideswipe - passing,N,N,1,2,1,Y,6,Y,Y,N,1,COLUMBUS,10/24/2016,10,730,2,1,1,0,1,1,0,0,0,0,0,0,0,0,0,Y,N,COLUMBUS,,59,M,1,1,1,2,4,3,NT,12,3,1,65,66,1,1,,20,,,,,,,23,F,1,1,1
20166147518,2016,US,39.957779,-82.997075,1,0,0,0,0,3,0,3,Rear End,N,N,1,1,3,N,4,N,N,N,4,COLUMBUS,10/28/2016,10,836,6,1,1,0,1,1,0,0,0,0,0,1,0,0,0,N,N,COLUMBUS,3RD,44,M,1,1,1,2,1,2,NT,1,3,1,5,35,11,1,,20,,,,,,,58,M,1,1,1
20166075263,2016,CR,39.987084,-83.004827,1,0,0,0,0,3,0,3,Rear End,N,Y,2,,4,N,4,N,N,N,4,COLUMBUS,6/10/2016,6,1145,6,1,1,0,1,1,0,0,0,0,0,0,0,0,0,Y,N,COLUMBUS,5TH,25,M,1,1,1,2,4,3,NT,1,3,1,,25,11,1,,20,,,,,,,27,M,1,1,1
20166075264,2016,US,39.987104,-83.002047,1,0,0,0,0,2,1,2,Rear End,N,N,1,1,3,N,2,N,N,N,4,COLUMBUS,6/8/2016,6,825,4,1,1,0,1,1,0,0,0,0,0,0,0,0,0,Y,N,COLUMBUS,SUMMIT,27,F,1,1,1,2,1,2,NT,1,3,1,,,1,9,,20,,,,,,,22,F,1,1,1
20166075266,2016,CR,40.014879,-82.995029,1,0,0,0,0,2,0,1,Fixed Object,Y,Y,2,,3,Y,4,N,N,N,4,COLUMBUS,6/10/2016,6,1010,6,1,1,0,1,1,0,0,0,0,0,0,0,0,0,N,N,COLUMBUS,SILVER,,M,1,1,1,,,,,,,,,,,,,,,,,,,,,,,,
20166075267,2016,MR,39.880452,-82.987865,1,0,0,0,0,1,0,2,Parked Vehicle,Y,N,1,,7,N,4,N,N,N,4,COLUMBUS,6/9/2016,6,640,5,1,1,0,1,3,0,0,0,0,0,0,0,0,0,N,N,COLUMBUS,GLENDORA,,U,1,1,1,2,2,1,NT,1,6,1,,25,10,1,,20,,,,,,,,,,,
20166075480,2016,IR,40.084483,-82.987353,1,0,0,0,0,2,0,2,Sideswipe - passing,N,N,1,2,1,Y,7,Y,Y,Y,1,COLUMBUS,5/30/2016,5,905,2,1,1,0,1,2,0,0,0,0,0,1,0,0,0,Y,N,COLUMBUS,,20,F,1,1,1,2,2,1,NT,12,2,1,65,65,1,1,,20,,,,,,,78,M,1,1,1
20166075486,2016,US,39.951005,-83.155553,1,0,0,0,0,2,0,2,Angle,N,N,1,2,3,Y,4,N,N,N,4,COLUMBUS,6/9/2016,6,1025,5,1,1,0,1,1,0,0,0,0,0,0,0,0,0,Y,N,COLUMBUS,BROAD,23,F,1,1,1,2,2,1,NT,1,3,1,10,,1,1,,20,,,,,,,26,M,1,1,1
20166126571,2016,SR,40.03235,-83.028042,1,0,0,0,0,2,0,2,Rear End,N,N,1,2,2,Y,6,Y,N,N,4,COLUMBUS,9/21/2016,9,849,4,1,1,0,1,2,0,0,0,0,0,0,0,0,0,N,Y,COLUMBUS,,32,M,1,5,1,2,1,2,NT,12,7,1,30,65,1,1,,20,,,,,,,52,M,1,1,1
20166126592,2016,IR,39.97724,-83.153823,1,0,0,0,0,2,0,2,Rear End,N,N,1,2,1,Y,6,Y,Y,Y,1,COLUMBUS,9/22/2016,9,819,5,1,1,0,1,1,0,0,0,0,0,0,0,0,0,N,N,COLUMBUS,,39,M,1,1,1,2,4,3,NT,12,3,1,,65,11,1,,24,,,,,,,46,F,1,1,1
20166126594,2016,IR,39.967341,-83.060405,1,0,0,0,0,2,0,2,Sideswipe - passing,N,N,1,2,1,N,4,Y,Y,N,1,COLUMBUS,9/22/2016,9,1125,5,1,1,0,1,2,0,0,0,0,0,0,0,0,0,N,N,COLUMBUS,,,U,1,1,1,2,3,4,NT,12,3,1,55,65,1,1,,24,,,,,,,31,F,1,1,1
20166126595,2016,CR,39.943214,-82.853668,1,0,0,0,0,2,0,2,Rear End,N,Y,2,,4,N,4,N,N,N,4,COLUMBUS,9/23/2016,9,1011,6,1,1,0,1,1,0,0,0,0,0,0,0,0,0,N,N,COLUMBUS,WOODCREST,28,F,1,1,1,2,2,1,NT,4,6,1,,25,11,1,,20,,,,,,,33,M,1,1,1
20166126596,2016,SR,39.980833,-82.830964,1,0,0,0,0,2,0,2,Rear End,N,N,1,2,3,N,4,N,N,N,4,COLUMBUS,9/23/2016,9,1000,6,1,1,0,1,1,0,0,0,0,0,0,0,0,0,N,N,COLUMBUS,BROAD,31,M,1,1,1,2,3,4,NT,12,7,1,,,11,1,,20,,,,,,,50,M,1,1,1
20166126598,2016,US,39.955455,-83.027448,1,0,0,0,0,2,0,2,Angle,N,Y,2,2,4,N,4,N,N,N,4,COLUMBUS,9/22/2016,9,1552,5,1,1,0,1,1,0,0,0,0,0,0,0,0,0,N,N,COLUMBUS,DAKOTA,41,M,1,1,1,2,3,4,NT,1,2,1,30,35,1,1,,20,,,,,,,27,M,1,1,1
20166126599,2016,IR,40.110414,-82.979861,1,0,0,0,0,3,0,3,Sideswipe - passing,N,N,1,2,1,Y,8,Y,Y,N,1,COLUMBUS,9/22/2016,9,705,5,1,1,0,4,1,0,0,0,0,0,0,0,0,0,N,N,COLUMBUS,,55,M,1,1,1,2,3,4,NT,12,7,1,65,65,1,1,,20,,,,,,,36,M,1,1,1
20166126600,2016,IR,40.005941,-83.118397,1,0,0,0,0,2,0,2,Rear End,N,N,1,2,1,Y,6,Y,Y,Y,1,COLUMBUS,9/22/2016,9,805,5,1,1,0,1,2,0,0,0,0,0,0,0,0,0,Y,N,COLUMBUS,,17,F,1,1,1,2,2,1,NT,12,3,1,,65,11,1,,20,,,,,,,35,F,1,1,1
20166126601,2016,IR,39.998882,-83.118112,2,0,0,0,6,1,0,5,Rear End,N,N,1,2,1,Y,6,Y,Y,Y,1,COLUMBUS,9/22/2016,9,830,5,1,1,0,1,1,0,0,0,0,0,1,0,0,0,Y,N,COLUMBUS,,65,M,1,1,1,2,2,1,NT,12,6,1,,65,11,1,,20,,,,,,,52,F,1,1,1
20166126602,2016,IR,39.985147,-83.118646,1,0,0,0,0,3,0,2,Rear End,N,N,1,2,1,Y,7,Y,Y,N,1,COLUMBUS,9/23/2016,9,645,6,2,1,0,4,1,0,0,0,0,0,0,0,0,0,Y,N,COLUMBUS,,37,F,1,1,1,2,2,1,NT,12,3,1,,65,11,1,,20,,,,,,,23,F,1,1,1
20166126603,2016,IR,39.973179,-83.00547,1,0,0,0,0,2,0,2,Rear End,N,N,1,2,1,Y,8,Y,Y,Y,1,COLUMBUS,9/23/2016,9,855,6,1,1,0,1,3,0,0,0,0,0,0,0,0,0,Y,N,COLUMBUS,,20,M,1,1,1,2,4,3,NT,12,3,1,,55,11,1,,20,,,,,,,46,M,1,1,1
20166075488,2016,US,39.948268,-83.219546,1,0,0,0,0,2,0,1,Animal,N,Y,3,2,3,Y,4,N,N,Y,1,PRAIRIE TOWNSHIP,6/11/2016,6,320,7,1,1,0,5,1,0,0,0,0,0,0,0,0,0,N,N,PRAIRIE TOWNSHIP,,62,F,1,1,1,,,,,,,,,,,,,,,,,,,,,,,,